-- MySQL dump 10.15  Distrib 10.0.36-MariaDB, for debian-linux-gnu (x86_64)
--
-- Host: localhost    Database: centro
-- ------------------------------------------------------
-- Server version	10.0.36-MariaDB-0ubuntu0.16.04.1

/*!40101 SET @OLD_CHARACTER_SET_CLIENT=@@CHARACTER_SET_CLIENT */;
/*!40101 SET @OLD_CHARACTER_SET_RESULTS=@@CHARACTER_SET_RESULTS */;
/*!40101 SET @OLD_COLLATION_CONNECTION=@@COLLATION_CONNECTION */;
/*!40101 SET NAMES utf8mb4 */;
/*!40103 SET @OLD_TIME_ZONE=@@TIME_ZONE */;
/*!40103 SET TIME_ZONE='+00:00' */;
/*!40014 SET @OLD_UNIQUE_CHECKS=@@UNIQUE_CHECKS, UNIQUE_CHECKS=0 */;
/*!40014 SET @OLD_FOREIGN_KEY_CHECKS=@@FOREIGN_KEY_CHECKS, FOREIGN_KEY_CHECKS=0 */;
/*!40101 SET @OLD_SQL_MODE=@@SQL_MODE, SQL_MODE='NO_AUTO_VALUE_ON_ZERO' */;
/*!40111 SET @OLD_SQL_NOTES=@@SQL_NOTES, SQL_NOTES=0 */;

--
-- Table structure for table `actas`
--

DROP TABLE IF EXISTS `actas`;
/*!40101 SET @saved_cs_client     = @@character_set_client */;
/*!40101 SET character_set_client = utf8 */;
CREATE TABLE `actas` (
  `grupo` varchar(5) CHARACTER SET utf8 COLLATE utf8_spanish_ci NOT NULL,
  `delegado` varchar(10) CHARACTER SET utf8 COLLATE utf8_spanish_ci NOT NULL,
  `subdelegado` varchar(10) CHARACTER SET utf8 COLLATE utf8_spanish_ci NOT NULL,
  `votos_delegado` int(11) NOT NULL,
  `votos_subdelegado` int(11) NOT NULL,
  `alumnos_presentes` int(11) NOT NULL,
  `votos_emitidos` int(11) NOT NULL,
  `votos_validos` int(11) NOT NULL,
  `fecha_votacion` date DEFAULT NULL,
  `observaciones` varchar(255) CHARACTER SET utf8 COLLATE utf8_spanish_ci NOT NULL,
  PRIMARY KEY (`grupo`),
  KEY `delegado` (`delegado`),
  KEY `subdelegado` (`subdelegado`),
  CONSTRAINT `actas_ibfk_1` FOREIGN KEY (`delegado`) REFERENCES `alumnos` (`NIA`),
  CONSTRAINT `actas_ibfk_2` FOREIGN KEY (`subdelegado`) REFERENCES `alumnos` (`NIA`)
) ENGINE=InnoDB DEFAULT CHARSET=utf8mb4 COLLATE=utf8mb4_spanish_ci;
/*!40101 SET character_set_client = @saved_cs_client */;

--
-- Dumping data for table `actas`
--

LOCK TABLES `actas` WRITE;
/*!40000 ALTER TABLE `actas` DISABLE KEYS */;
/*!40000 ALTER TABLE `actas` ENABLE KEYS */;
UNLOCK TABLES;

--
-- Table structure for table `alumnos`
--

DROP TABLE IF EXISTS `alumnos`;
/*!40101 SET @saved_cs_client     = @@character_set_client */;
/*!40101 SET character_set_client = utf8 */;
CREATE TABLE `alumnos` (
  `id` int(11) NOT NULL AUTO_INCREMENT,
  `NIA` varchar(10) CHARACTER SET utf8 COLLATE utf8_spanish_ci NOT NULL,
  `nombre` varchar(30) CHARACTER SET utf8 COLLATE utf8_spanish_ci NOT NULL,
  `apellido1` varchar(30) CHARACTER SET utf8 COLLATE utf8_spanish_ci NOT NULL,
  `apellido2` varchar(30) CHARACTER SET utf8 COLLATE utf8_spanish_ci NOT NULL,
  `fecha_nac` date NOT NULL,
  `nif` varchar(10) CHARACTER SET utf8 COLLATE utf8_spanish_ci NOT NULL,
  `email` varchar(50) CHARACTER SET ucs2 COLLATE ucs2_spanish_ci NOT NULL,
  PRIMARY KEY (`id`),
  UNIQUE KEY `NIA` (`NIA`),
  UNIQUE KEY `nif` (`nif`)
) ENGINE=InnoDB AUTO_INCREMENT=1001 DEFAULT CHARSET=latin1;
/*!40101 SET character_set_client = @saved_cs_client */;

--
-- Dumping data for table `alumnos`
--

LOCK TABLES `alumnos` WRITE;
/*!40000 ALTER TABLE `alumnos` DISABLE KEYS */;
INSERT INTO `alumnos` VALUES (1,'10003062','NURIA','MARTÍNEZ','NAVARRO','1985-10-22','73453451F','nmartinez@hotmail.es'),(2,'10005454','ALEJANDRO','SANZ','TURBI','1984-12-04','13548500M','asanz@gmail.com'),(3,'10006180','DAVID','REOLID','PARDO','1986-04-10','71953264H','dreolid@yahoo.es'),(4,'10009253','JOSÉ IGNACIO','CARRERAS','SÁNCHEZ','1992-12-29','48448790A','jcarreras@ono.com'),(5,'10012240','JOSE VICENTE ','LAHOZ','GUAMANGALLO','1980-12-09','23200028C','jlahoz@gmail.com'),(6,'10022774','MARIA LUISA','CUJÓ','LOZANO','1986-01-19','58176822R','mcujo@gmail.com'),(7,'10023620','GABRIEL','OSCULLO','GIL','1995-08-23','44740421Q','goscullog@gmail.com'),(8,'10024057','RAÚL','RENOVELL','GARCÍA','1999-04-16','31868203R','rrenovell@gmail.com'),(9,'10027184','ANTONIO DIEGO','MIQUEL','URIOLA','1985-03-24','18356407S','amiquelu@ono.com'),(10,'10027693','GABRIEL MIQUEL','VANEGAS','PASCUAL','1985-04-02','78024695R','gvanegas@hotmail.com'),(11,'10029829','IRENE','UZUM','BONET','1985-11-05','57538677Z','iuzumb@gmail.com'),(12,'10032894','MARÍA','HERRERO','MAZA','1984-07-19','40431011R','mherrero@gmail.com'),(13,'10038877','ERNEST ERIK','GARCIA','BAS','1991-03-14','57853776J','egarciab@gmail.com'),(14,'10039092','JORGE','GONZALEZ','CRESPO','1991-11-09','17261198C','jgonzalez@gmail.com'),(15,'10039145','ANA MARÍA','GIMÉNEZ','VINACHES','1983-08-20','46297671M','agimenez@ono.com'),(16,'10040463','CHRISTOPHER JUNIOR','IGUAL','FERNANDEZ','1999-01-05','30282586G','cigual@hotmail.com'),(17,'10041220','SORAYA EVA','MARTÍ','FERRIOLS','1996-06-28','50702762K','smarti@hotmail.com'),(18,'10041733','ISABEL','VALDIVIA','ÁLVAREZ','1982-05-13','73778329X','ivaldivia@gmail.com'),(19,'10042891','MARÍA DOLORES','GIL','RODRIGUEZ','1997-07-24','38808029Z','mgil@yahoo.es'),(20,'10043922','MÓNICA','ANDRÉS','PAREDES','1994-07-10','40990757L','mandres@hotmail.com'),(21,'10044119','VICENTE','VALERA','CHIARUCCI','1992-02-21','44548714Z','vvalera@hotmail.com'),(22,'10046772','NARAE','BOUANANI','VÉLEZ','1997-05-22','X6541824A','nbouanani@hotmail.com'),(23,'10047825','YAIZA','CALLEJA','EXPÓSITO','1998-06-23','63535896Y','ycallejae@gmail.com'),(24,'10049184','ÓSCAR','BELDA','ALBUIXECH','1995-02-10','79357957E','?beldaa@hotmail.com'),(25,'10051140','FRANCISCO JAVIER','DURÁN','PEYRÓ','1986-06-11','23536460P','fduran@yahoo.es'),(26,'10051406','VICENTE JOSÉ','MORUNO','GUILLÓ','1991-11-10','72796952C','vmoruno@gmail.com'),(27,'10054932','ANGELA','SANTIAGO','MARTÍNEZ','1985-02-01','11052576H','asantiago@yahoo.es'),(28,'10056802','MARTA','DURÁN',' ','1987-11-28','48090734B','mduran@gmail.com'),(29,'10059668','NOELIA','POZHYDAYEVA','MACHADO','1981-02-24','11407061G','npozhydayevam@gmail.com'),(30,'10059969','MARIA ALEXANDRA','FELIZ','SHEUTSHENKO','1981-03-09','21947555N','mfeliz@outlock.com'),(31,'10060223','INÉS','MAICAS','GARCIA','1987-07-15','17881110J','imaicas@gmail.com'),(32,'10065313','ISABEL CRISTINA','MARTÍ','SIMÓ','1986-09-10','31414951X','imarti@outlock.com'),(33,'10067263','ANA MARIA','BAÑULS','RIBES','1984-02-09','64788006L','abanyuls@ono.com'),(34,'10067393','MARTA','VILLAR','APARISI','1990-05-31','31316958C','mvillar@gmail.com'),(35,'10069041','ELBA SARAY','MARTÍNEZ','CABELLO','1982-07-23','50178419D','emartinez@gmail.com'),(36,'10071508','ISABEL','PÉREZ','ALBARCE','1997-09-21','75642083M','iperez@gmail.com'),(37,'10071729','FRANCISCA','BARBERÁ','CARSI','1982-08-22','65026427E','fbarberac@yahoo.es'),(38,'10073649','LESLIE ALEXANDRA','DIAZ','CUESTA','1983-06-25','14673457D','ldiaz@gmail.com'),(39,'10074880','ISMAEL','QUEVEDO','ENGUÍDANOS','1993-07-27','42762731G','iquevedoe@gmail.com'),(40,'10075071','NEUS','MADERA','CAMPOS','1987-06-07','29860091L','nmadera@hotmail.com'),(41,'10084253','CARLA','NAVARRO','LLOPIS','1996-07-26','46441649A','cnavarro@hotmail.es'),(42,'10085395','RUBÉN','DOMÉNECH','MIGUEL','1996-02-09','78616099Y','rdomenech@gmail.com'),(43,'10087605','TERESA','DELGADO','LÓPEZ','1985-10-16','11108643B','tdelgado@ono.com'),(44,'10090746','NICOLÁS','GARCÍA','GARCÍA','1999-06-24','60127809J','ngarcia@gmail.com'),(45,'10092050','PAULA','COMES','DESCO','1985-12-31','X8090341E','pcomesd@hotmail.com'),(46,'10092361','MERCEDES','GARCÍA','MADERA','1999-07-01','X5180564K','mgarcia@gmail.com'),(47,'10094151','PAULA','MARTINEZ','AGEA','1980-06-22','48251062Y','pmartinez@hotmail.com'),(48,'10094508','PILAR','PERELLÓ','TALAVERA','1983-08-07','50873127W','pperello@gmail.com'),(49,'10094693','ESTHER','SÁNCHEZ',' ','1990-09-21','77250289M','esanchez @gmail.com'),(50,'10096079','JEIMY NATALIA','RUIZ','AGUIRREZABAL','1982-01-22','X8841299F','jruiza@gmail.com'),(51,'10098206','SALVADOR','ROMERO','SOTO ','1983-03-19','33606750R','sromero@hotmail.com'),(52,'10101008','MIREIA','MORAGON','LÓPEZ','1989-04-07','26710143J','mmoragon@hotmail.com'),(53,'10102543','GINA GABRIELA','PAREJA','CASANS','1980-06-22','54774068M','gparejac@hotmail.es'),(54,'10104074','CINTIA','SÁNCHEZ','PEYRÓ','1989-10-21','69564656Y','csanchez@hotmail.com'),(55,'10104106','RAÚL','GALISTEO','HERNÁNDEZ','1996-11-18','X1864055C','rgalisteo@hotmail.com'),(56,'10104231','DEYRIS MABEL','ANATOL','MARTÍ','1988-06-20','79491934R','danatol@yahoo.es'),(57,'10113327','ESTEFANÍA','DAUDER','FABRA','1992-04-07','19853302R','edauder@gmail.com'),(58,'10115008','DIEGO','FUSTER','CRESPO','1997-05-29','68330758N','dfuster@gmail.com'),(59,'10117652','SARA','ALEGRE','CASTELLO','1999-08-25','X7197409L','salegre@gmail.com'),(60,'10118945','MARÍA ÁNGELES','GARCÍA','OCAÑA','1988-03-23','36920128E','mgarciao@ono.com'),(61,'10123646','RAÚL','FERRERO','SANCENÓN','1992-10-14','35797985A','rferrero@ono.com'),(62,'10124354','NURIA','DAVID','JEREZ','1990-01-17','79071078E','ndavidj@hotmail.com'),(63,'10125852','BORJA','MUÑOZ','MONTANER','1999-12-21','58705674Z','bmunyozm@ono.com'),(64,'10127161','MARÍA PILAR','GERASYMENKO','TORRES','1992-07-31','29398973M','mgerasymenkot@ono.com'),(65,'10127979','AROA','OLIVER','PARDO','1991-01-30','61477700B','aoliver@gmail.com'),(66,'10129295','ALEJANDRO','BARAT','VELKOVA','1984-08-13','20773303W','abaratv@gmail.com'),(67,'10129529','EDUARD','VILLAGÓMEZ','CHUST','1994-12-08','74056620R','evillagomez@yahoo.es'),(68,'10129800','EVELYN ZULAY','TALAVERANO','MARTÍNEZ','1998-04-08','X0757854G','etalaveranom@gmail.com'),(69,'10130257','ALEJANDRO','MARÍN','VIDAL','1988-06-28','41316077G','amarin@gmail.com'),(70,'10131193','ESTER','MARTÍNEZ','SEDER','1990-01-12','55290159E','emartinez@gmail.com'),(71,'10132824','JOSÉ GERMÁN','GIMENO','GÁLVEZ','1991-06-14','55500093N','jgimeno@gmail.com'),(72,'10133052','DANA','CASES','CASCALES','1988-12-24','72392817H','dcasesc@gmail.com'),(73,'10133567','ANDREA','MARTÍNEZ','ALVAREZ','1987-08-31','19352099Z','amartinez@gmail.com'),(74,'10135332','SANDRA','GARCIA','SÁNCHEZ','1991-06-08','19570678R','sgarcia@ono.com'),(75,'10140170','VANESA','ABENOJAR','NAVARRO','1984-05-23','11011977Z','vabenojar@hotmail.com'),(76,'10140849','AINHOA','MARTÍNEZ','GANDO','1987-06-15','27223754B','amartinezg@outlock.com'),(77,'10145968','ENRIQUE','GOMIS','GARCIA','1981-02-11','64485409X','egomisg@hotmail.com'),(78,'10150969','PERFECTO','VERA','ROMANCE','1980-05-15','X6047605P','pvera@gmail.com'),(79,'10154826','ANDRÉS','ELIZALDE','PASTOR','1988-06-15','38073224J','aelizaldep@hotmail.com'),(80,'10156500','PAULA','FAUBEL','MEJÍAS','1984-07-05','78293630C','pfaubelm@ono.com'),(81,'10157120','MARIA LUISA','AMAYA','BAENA','1996-09-06','57526009L','mamaya@yahoo.es'),(82,'10159640','NACOR','MOYA','SAAVEDRA','1986-11-01','45314326W','nmoya@gmail.com'),(83,'10164738','MARIA ISABEL','RUIZ','ALFONSO','1986-01-03','27316908S','mruiz@ono.com'),(84,'10165665','ALEJANDRO','MONTEAGUDO','CUESTA','1989-12-22','56899645Z','amonteagudoc@gmail.com'),(85,'10166468','ESTER','UZUM','MURILLO','1995-06-03','30505961A','euzum@hotmail.com'),(86,'10166508','CARMEN','APARICIO','GIMENO','1987-07-02','35548010S','caparicio@outlock.com'),(87,'10167777','SARA','GARCIA','PERIS','1980-05-27','34730155V','sgarciap@gmail.com'),(88,'10169287','NAWAL','MARTÍN','GARCIA','1990-03-22','33256753H','nmartin@gmail.com'),(89,'10171528','ALBA','MARÍN','IBÁÑEZ','1996-12-27','34172639K','amarini@yahoo.es'),(90,'10172094','CRISTINA','DOMINGO','BENITO','1990-11-05','X8383941G','cdomingo@hotmail.com'),(91,'10175372','RAFAEL','ÁLVAREZ','MAZA','1998-07-26','79078022C','ralvarez@hotmail.com'),(92,'10175470','CARLA','MONTORO','PRESILLA','1986-01-19','43093672K','cmontoro@gmail.com'),(93,'10177085','IRENE','ALFONSO','ESPINOSA','1999-04-25','17198067R','ialfonsoe@hotmail.com'),(94,'10179483','MARÍA LUZ','GUZMÁN','MELIÀ','1998-11-23','X2284741J','mguzman@yahoo.es'),(95,'10179664','PAULA','FONS','GRANADOS','1995-06-25','62000878P','pfons@hotmail.com'),(96,'10181866','LAURA','HUERTA','LARA','1990-02-19','24935595F','lhuerta@gmail.com'),(97,'10185253','EUSEBIO','HEREDIA','ESPERT','1996-04-08','X9135257W','eherediae@hotmail.com'),(98,'10188804','LAURA','GÓMEZ',' ','1989-04-04','42346344D','lgomez@ono.com'),(99,'10189091','GABRIEL','ER RAOUY','GONZÁLEZ','1989-01-25','78709051S','ger raouyg@yahoo.es'),(100,'10189817','GLORIA','HUERTA','SAHUQUILLO','1999-03-27','26736267D','ghuerta@outlock.com'),(101,'10191483','VICTOR MANUEL','MAÑANA','SOARES','1983-08-21','10250459A','vmanyana@hotmail.com'),(102,'10194772','ROBERTO','QUIRÓS','MARTÍNEZ','1994-03-14','50509896X','rquiros@gmail.com'),(103,'10197176','SUSANA','SUÁREZ','CRUZ','1999-05-11','61631506Q','ssuarezc@gmail.com'),(104,'10197323','PATRICIA JUANA','MURILLO','RODRÍGUEZ','1987-10-28','X7609448J','pmurillor@yahoo.es'),(105,'10199028','ALEX','PALANCA','GARCÍA','1983-08-19','X1646682C','apalancag@hotmail.com'),(106,'10199657','INÉS','CABAÑES ','QUILIS','1983-05-25','42872557M','icabanyesq@hotmail.es'),(107,'10200609','MARTA','PEREA','LLUESMA','1995-12-29','34783109W','mperea@ono.com'),(108,'10206936','MARISOL','BONET','DOMÍNGUEZ','1982-07-24','73373602Z','mbonetd@gmail.com'),(109,'10211867','ANDREA','TRILLES','CHAQUÉS','1994-05-05','42156507Z','atrilles@gmail.com'),(110,'10212116','LUIS','AHLAM','E CASTRO','1992-07-02','26405822M','lahlam@gmail.com'),(111,'10214477','CARLA','GÓMEZ','ALONSO','1997-02-26','72271704T','cgomez@ono.com'),(112,'10215614','MARIA CRISTINA','CANO','GARCÍA','1980-08-22','37186769R','mcanog@outlock.com'),(113,'10217471','DIANA','SÁNCHEZ','BERTOMEU','1994-07-11','12599074L','dsanchez@hotmail.com'),(114,'10218115','ISABEL','QUEL','ASUMU','1981-01-05','10870111N','iquel@hotmail.es'),(115,'10220438','ALBA','MILLAN','BLANCO','1980-06-29','56132330W','amillan@gmail.com'),(116,'10224377','DESIRÉE','GIL','LLÁCER','1996-03-31','X9380970Y','dgil@gmail.com'),(117,'10232200','CARMEN DE LA SOLEDAD','FABRA','FERRIS','1993-08-12','67324260V','cfabra@hotmail.es'),(118,'10235404','BEATRIZ','VAREA','MORENO','1997-10-20','36971646C','bvarea@gmail.com'),(119,'10239335','ESTEFANIA','BUENO','VALERO','1983-08-27','X1543840B','ebueno@yahoo.es'),(120,'10239907','SANDRA','REY','CARRERA','1996-06-21','72865371Z','srey@ono.com'),(121,'10246773','KARINA','INIESTA','VELASCO','1996-11-05','14055745P','kiniesta@hotmail.com'),(122,'10250538','ANGELA','ALMELA','MELGAREJO','1998-08-12','45505804M','aalmela@outlock.com'),(123,'10252169','EVA','OUAHABI','PEÑA','1997-12-11','73885302X','eouahabi@hotmail.com'),(124,'10252293','ARAYIK','LLOPES','ORDOÑEZ','1984-11-28','74952166L','allopes@outlock.com'),(125,'10255527','BLANCA MARÍA','SIMÓ','PUCHOL','1991-01-15','41384311C','bsimop@gmail.com'),(126,'10259441','IGNACIO','FERNÁNDEZ','NAVARRO','1990-02-13','59828835Q','ifernandez@ono.com'),(127,'10261790','JOSÉ ALBERTO','LÓPEZ','RIBES','1985-04-24','72021195F','jlopez@hotmail.com'),(128,'10263895','KATHERINE DAYANA','PALACIOS','ASUMU','1986-07-17','37791856G','kpalacios@hotmail.es'),(129,'10266225','MARIA','GINER','HERVÁS','1995-02-03','40519045Z','mginer@hotmail.es'),(130,'10266900','CARLOS','CANET','GARCIA','1997-07-05','18758722Z','ccanet@gmail.com'),(131,'10270214','JOAQUIN MANUEL','GUAITA','FERNÁNDEZ','1980-10-27','78679917E','jguaita@gmail.com'),(132,'10270973','SONIA','CARRETERO','SEVILLA','1981-10-08','69671714E','scarretero@ono.com'),(133,'10272744','ANDREA','NAVARRO','CRESPO','1980-06-22','15716326N','anavarroc@gmail.com'),(134,'10273389','YAIZA','GÓMEZ','BUIS','1980-08-04','48594615P','ygomez@gmail.com'),(135,'10273781','JOSSELYN MICAELA','GIL','RIUS','1996-04-11','X8800271B','jgil@hotmail.com'),(136,'10274278','SARA','RAMIREZ','ANGULO','1992-08-05','34164233X','sramirez@hotmail.com'),(137,'10274514','ARANTXA','SARRIÁ','PUIG','1997-05-16','32906979M','asarriap@hotmail.com'),(138,'10280691','PATRICIA','MARTÍNEZ','ALCAZAR','1983-07-01','52933280E','pmartinez@hotmail.com'),(139,'10284123','KATHERINE DAYANA','MUÑOZ','GALÁN','1999-11-10','X9854525Z','kmunyoz@hotmail.es'),(140,'10285488','ALEX','BELENGUER','MORENO','1980-09-08','25960177P','abelenguer@gmail.com'),(141,'10286789','MARÍA DESAMPARADOS','GORDON','GABARDA','1985-09-05','52599342K','mgordong@yahoo.es'),(142,'10294097','ANTONIO','FURIÓ','PINAZO','1992-05-30','64946494Z','afurio@gmail.com'),(143,'10294586','SERGIO','BLASCO','DEOGRACIA','1989-04-27','58055393N','sblasco@hotmail.com'),(144,'10295358','YAIZA','DEL CABO','GOMEZ','1981-10-22','X0835023P','ydel cabog@hotmail.com'),(145,'10299002','CARLOS','TELLO','SEIJO','1983-10-15','30265394Q','ctellos@gmail.com'),(146,'10299373','ELENA','BLASCO','ACHIG','1993-03-20','10673251D','eblascoa@yahoo.es'),(147,'10301440','JENNIFER','RODRÍGUEZ','GARAÑENA','1994-12-08','X0674114F','jrodriguez@outlock.com'),(148,'10302201','ISMAEL','BLANCO','MONDARAY','1988-07-08','50953685Z','iblanco@gmail.com'),(149,'10302309','NEREA','PUGA','LANZA','1999-08-28','73276910Z','npugal@gmail.com'),(150,'10302584','MARÍA ÁNGELES','PÉREZ','FLORES','1999-06-25','17700335H','mperezf@ono.com'),(151,'10307704','PATRICIA','JARAMILLO','CALATAYUD','1991-08-23','31098573C','pjaramillo@hotmail.com'),(152,'10311028','VÍCTOR','MARTÍNEZ',' ','1982-05-21','49851634P','vmartinez @hotmail.com'),(153,'10311244','MIRIAM','SANCHEZ','NAVARRO','1994-07-08','33720534G','msanchez@gmail.com'),(154,'10311745','FRANCISCA','GOMAR','GÓMEZ','1989-11-27','69701978H','fgomar@yahoo.es'),(155,'10316495','BELÉN','SARRIÁ','DE LA TORRE','1997-10-29','76927866L','bsarria@yahoo.es'),(156,'10325800','MARTA','GONZALEZ','BLASCO','1982-07-01','42064501P','mgonzalezb@ono.com'),(157,'10327820','MÓNICA','SÁNCHEZ','LOPEZ','1999-07-07','22736326K','msanchez@gmail.com'),(158,'10330284','JOSÉ','ESCAMILLA','OLCINA','1995-11-21','X4140773Z','jescamilla@gmail.com'),(159,'10330698','DARRY GIULLIANO','CUARTERO','GIUNTA','1988-08-20','46402641A','dcuartero@hotmail.com'),(160,'10338202','MÓNICA','COMAN','BARBERO','1980-05-02','51484622L','mcoman@gmail.com'),(161,'10349551','LAURA','ESCRICHE','MARÍN','1983-06-29','X9099533C','lescriche@hotmail.com'),(162,'10349842','MARÍA DEL CARMEN','BRAVO','CANDO','1987-03-23','58341559N','mbravoc@gmail.com'),(163,'10352474','DAVID','LÓPEZ','TOMAS','1987-08-18','22772997F','dlopez@hotmail.es'),(164,'10354349','IVÁN','MORENO','LUNA','1993-07-04','44442766G','imoreno@hotmail.com'),(165,'10354758','SERGIO','GONZÁLEZ','MONTANER','1998-09-18','Z1768799N','sgonzalez@hotmail.com'),(166,'10354953','ALEJANDRO','BORRÁS','SÁNCHEZ','1999-05-07','78534607A','aborras@gmail.com'),(167,'10359301','ALEJANDRO','AGUILAR','MALPESA','1980-07-17','32238661K','aaguilar@gmail.com'),(168,'10359552','SANTIAGO','PUIG','PAREDES','1986-09-28','54281205D','spuig@gmail.com'),(169,'10360275','CRISTINA CARMEN','LÓPEZ','COSTA','1997-02-12','34262589H','clopezc@ono.com'),(170,'10368772','ELENA','LARA','GARCIA','1991-08-10','Y0653326W','elarag@hotmail.com'),(171,'10382351','PATRICIA','MANZOOR','MARTINEZ','1993-01-02','54723305A','pmanzoor@gmail.com'),(172,'10382789','MARIA JOSE','NOGUERA','FABRA','1990-05-06','27461029H','mnoguera@gmail.com'),(173,'10384911','MARÍA DE LA O','MOLINA','MARTINEZ','1992-02-25','41154557J','mmolina@gmail.com'),(174,'10385154','RAQUEL','GINER',' ','1993-10-14','37255204B','rginer@gmail.com'),(175,'10387026','BEATRIZ','LLAMAS','LÓPEZ','1985-08-13','X0214616A','bllamas@hotmail.es'),(176,'10387521','EDUARDO','ASENCIO','GÓMEZ','1995-01-23','22033404W','easenciog@hotmail.com'),(177,'10388550','AMINA','TORRALBA','BRÖHL','1985-09-05','65665989T','atorralba@gmail.com'),(178,'10391516','ALMUDENA','MANZANO','MARTÍNEZ','1988-08-21','52118684V','amanzano@hotmail.com'),(179,'10392056','ISIDRO','MATTIOLI',' ','1998-06-03','74752251C','imattioli@hotmail.com'),(180,'10392657','JAVIER','LEFLER','COLAS','1996-04-13','63824669Z','jlefler@gmail.com'),(181,'10393035','DANIEL','RAMOS','SEGARRA','1995-08-09','X7927984E','dramos@hotmail.es'),(182,'10393555','GORKA','SANDOVAL','PERALT','1980-05-19','X8940958F','gsandoval@gmail.com'),(183,'10394669','MARINA ','MARTOS','DONOSO','1987-05-03','X9697922H','mmartos@gmail.com'),(184,'10395172','RICARDO','PANACH','SAN DANIEL','1995-08-05','X3723324S','rpanach@outlock.com'),(185,'10398064','MÓNICA','MONTOLIU','JILALI','1990-04-23','28993061C','mmontoliu@gmail.com'),(186,'10399305','MARINA ISABEL','BONET','BENAVENT','1989-08-28','17187172P','mbonetb@gmail.com'),(187,'10400602','IVÁN','CARPENA','CORTES','1996-09-22','75121775A','icarpena@ono.com'),(188,'10400739','MARÍA DOLORES','MORENO','MAIQUES','1993-10-30','12815009F','mmoreno@yahoo.es'),(189,'10401704','AGUSTÍN','MANZOOR','JIMENEZ','1988-01-05','20798135V','amanzoorj@ono.com'),(190,'10403076','ABRAHAM','MARCO','COLAS','1997-02-15','15520528J','amarco@ono.com'),(191,'10404976','MARÍA','BONANAD','ROMERO','1987-04-10','68180516Y','mbonanadr@hotmail.com'),(192,'10406082','IGNACIO','ÁLVAREZ','MARTINEZ','1997-08-31','13313081Z','ialvarez@outlock.com'),(193,'10406881','EMILIO ALBERTO ','BENITEZ','RAMÍREZ','1997-03-24','15789751K','ebenitezr@hotmail.es'),(194,'10409702','LORENA','HIDALGO','MORANTÍN','1988-11-26','50872209G','lhidalgo@outlock.com'),(195,'10411379','FERNANDO','ÚBEDA','MANZANO','1986-03-14','49941232K','fubeda@hotmail.com'),(196,'10414879','MARÍA DE LA O','DRVENKAR','BEJARANO','1994-09-15','36608157T','mdrvenkar@gmail.com'),(197,'10415632','LAURA','MARTÍNEZ','CUESTA','1986-04-27','47369637X','lmartinezc@hotmail.com'),(198,'10416726','MARINO','MATA','LORENZO','1997-10-06','29053091C','mmatal@hotmail.com'),(199,'10417621','RAMON','FERRER','JIMENEZ','1993-03-19','38950451C','rferrer@gmail.com'),(200,'10418017','MARÍA AMPARO','CARRASCO','SÁNCHEZ','1984-10-16','48317200L','mcarrasco@hotmail.com'),(201,'10418343','MARÍA CRISTINA','FERNÁNDEZ','MATEO','1992-07-18','55930353B','mfernandez@hotmail.com'),(202,'10419140','MARÍA CRUZ','DOMINGO','SATORRES','1994-09-18','79667470R','mdomingo@gmail.com'),(203,'10419673','SANDRA','RIVERA','JUÁREZ','1980-06-25','52131693P','srivera@hotmail.com'),(204,'10420264','NARAE','VICENTE','TAURISSANO','1988-04-01','17193746G','nvicente@hotmail.com'),(205,'10424283','ALEJANDRO','ALABAU','BLÁZQUEZ','1981-01-01','24650610S','aalabaub@outlock.com'),(206,'10425741','GERARG NICOLÁS','LORENTE','RODADO','1992-05-18','45481363J','glorente@yahoo.es'),(207,'10428733','MARÍA DESAMPARADOS','MAGRO','CRESPO','1998-02-16','14375109V','mmagro@gmail.com'),(208,'10430720','SERGIO','CATALAN','LANZA','1992-05-08','X6022085H','scatalan@yahoo.es'),(209,'10433647','SUSANA','SALES','PRIETO','1982-03-14','36103835E','ssales@gmail.com'),(210,'10435131','DAVID','VILA','OLMO','1998-04-09','65924117E','dvilao@hotmail.es'),(211,'10435842','ISABEL','GRANDA','GRANELL','1997-04-12','62471836H','igrandag@hotmail.com'),(212,'10439721','ENRIQUE','MOLERO','CALVO','1987-08-17','33702450K','emoleroc@gmail.com'),(213,'10441947','MAR','RAIMUNDO','RENGEL','1998-09-08','37362792M','mraimundor@ono.com'),(214,'10442161','MARTA','DAUDER','SOLVES','1992-04-27','22838694Q','mdauder@gmail.com'),(215,'10445413','ANISOARA','HORTELANO','CRESPO','1985-05-09','61781798A','ahortelano@gmail.com'),(216,'10453534','BEATRIZ','CORTES','CABELLO','1982-05-30','30295356D','bcortes@gmail.com'),(217,'10454509','DIEGO ANDRES','MARTINEZ','LÓPEZ','1992-11-13','76064770K','dmartinez@yahoo.es'),(218,'10455288','ZLATKA','NOGUERA','CAMPOS','1987-07-23','65372582G','znoguerac@outlock.com'),(219,'10456538','MARINA','HUANCA','ZURIAGA','1990-09-24','72460560A','mhuanca@ono.com'),(220,'10456786','JENIFER','GARCÍA','HERRAIZ','1995-08-18','44834859Q','jgarciah@gmail.com'),(221,'10458491','ANTHONY DAVID','ALMELA','GARCÍA','1995-05-30','47148492X','aalmela@yahoo.es'),(222,'10460112','LUIS MIGUEL','ATIENZA','SÁNCHEZ','1988-05-21','45468942N','latienza@hotmail.com'),(223,'10465085','MAR','MAESO','GARCÍA','1984-01-14','76608801X','mmaeso@outlock.com'),(224,'10466099','VANESA','MIRA','CEBRIÁN','1986-08-13','33958822N','vmira@gmail.com'),(225,'10467029','CONSUELO','MAESO','GOMEZ','1989-01-26','64376535H','cmaesog@ono.com'),(226,'10468097','HELGA','MENA','NAVARRO','1985-08-30','41309758X','hmena@gmail.com'),(227,'10470478','CRISTINA','CEBRIAN','BARBERÁ','1999-06-26','59906506Q','ccebrian@gmail.com'),(228,'10473221','ÁLVARO','SORIANO','CASINOS','1991-11-28','43601390Z','?sorianoc@hotmail.com'),(229,'10476848','DUNIA','BRAVO','DOMINGUEZ','1998-12-13','X1957196B','dbravo@gmail.com'),(230,'10476868','ANA MARÍA','KUSA','CABEZUELO','1982-12-16','27547535K','akusa@gmail.com'),(231,'10478781','SARA','MARÍN','MARTÍNEZ','1984-11-07','33552701W','smarin@hotmail.com'),(232,'10479079','MARIA','BELLÓN','ESCANDELL','1990-03-16','18113344Q','mbellon@gmail.com'),(233,'10479578','ANTONIO','SERRANO','MOCHOLÍ','1988-03-22','18565262F','aserrano@gmail.com'),(234,'10479921','NOEMI','COGOLLOS','URIOLA','1997-04-21','28514526T','ncogollosu@hotmail.com'),(235,'10479937','ANDREA','CAMBRONERO','DURÁN','1994-09-19','22521334X','acambronero@hotmail.com'),(236,'10481246','JOSEP','PERIS','GORDÓN','1991-03-07','18812759R','jperis@hotmail.es'),(237,'10483712','PATRICIA','LORENTE','MARTÍNEZ','1987-02-08','47635127B','plorente@hotmail.es'),(238,'10484297','MARÍA JOSEFA','RIBAS','FERRER','1987-08-10','71168953F','mribasf@hotmail.com'),(239,'10485543','MERCEDES JOSELYN','ESCUDERO','ALIAGA','1994-05-01','52253136B','mescuderoa@outlock.com'),(240,'10485761','MJESUS','GUIRADO','LORENTE','1985-08-16','79042158J','mguirado@ono.com'),(241,'10489425','ROCIO','CAMPAYO','ABUA','1985-04-03','46866079Z','rcampayo@gmail.com'),(242,'10493512','OMAR DE JESÚS','FERMOSO','CARRIÓN','1993-12-10','61450240J','ofermosoc@hotmail.com'),(243,'10494080','EVA','GIL','CASCALES','1997-06-02','14128805C','egil@hotmail.es'),(244,'10496020','DESIRÉE','AJMAL','HERNÁNDEZ','1990-06-19','14830709X','dajmal@ono.com'),(245,'10496730','NOELIA','BARTUAL','PÉREZ','1992-10-04','36981024Z','nbartual@hotmail.es'),(246,'10496943','ESTER','CHICA','PARREÑO','1992-04-28','31545630A','echica@outlock.com'),(247,'10497802','ANA MARÍA','SANCHEZ','PÉREZ','1987-03-28','69724084K','asanchezp@gmail.com'),(248,'10499316','JENIFER','MUHAMMAD','MÁRQUEZ','1981-07-29','40993805P','jmuhammad@yahoo.es'),(249,'10501790','PATRICIA','CALLEJA','CARAYOL','1992-08-28','59307096D','pcalleja@gmail.com'),(250,'10502800','FRANCISCA JOSÉFA','PELEGRIN','ESONO','1987-09-23','55228363G','fpelegrin@hotmail.com'),(251,'10504706','MARGIE NATHALIA','ALMENDROS','CABELLO','1990-05-01','52150145Z','malmendros@gmail.com'),(252,'10505452','MARÍA TERESA','DOMÍNGUEZ','RUIZ','1988-05-09','55069743S','mdominguez@gmail.com'),(253,'10505848','PAULA','MOREIRA','BONILLA','1987-04-19','53920010Y','pmoreira@outlock.com'),(254,'10509411','ALBA','USHIÑA',' ','1995-04-10','49747636Q','aushinya@outlock.com'),(255,'10510759','PAU','LOZANO','ROLDÁN','1981-10-06','21900755V','plozanor@yahoo.es'),(256,'10511283','JUNNIVANZ JOLIE','GARCÍA','GARCÍA','1988-10-24','X2690194E','jgarcia@gmail.com'),(257,'10511986','NOELIA','BOIX','CANET','1981-06-05','52209228X','nboix@gmail.com'),(258,'10512858','DEBORA','PERIS','MORENO','1996-05-15','Y7530599E','dperis@gmail.com'),(259,'10514199','MARINA','BONANAD','CAMACHO','1983-01-22','23093867G','mbonanad@outlock.com'),(260,'10515694','JORGE','AYLLON','MANZANO','1988-06-20','75669147K','jayllon@yahoo.es'),(261,'10516644','NARYMEN','MOMPÓ','GARCIA','1988-09-27','12704281R','nmompo@ono.com'),(262,'10518095','ANA KAREN','MERA','GUIJARRO','1989-09-24','40110249C','amera@gmail.com'),(263,'10518704','CARMEN DE LA SOLEDAD','BARELLA','BALLESTEROS','1987-08-21','25287215A','cbarellab@gmail.com'),(264,'10519724','JOSÉ CARLOS','BARAT','FERNÁNDEZ','1983-09-23','63043046T','jbarat@gmail.com'),(265,'10520099','JUAN ANTONIO','GARCIA','BOBADILLA','1980-07-10','63063873N','jgarcia@gmail.com'),(266,'10522597','MARIA DEL CARMEN','LOPEZ','SÁNCHEZ','1983-12-05','23283444S','mlopez@hotmail.com'),(267,'10524247','ALEJANDRO','JEMENAO','MARTINEZ','1998-10-04','14129161P','ajemenao@hotmail.es'),(268,'10524934','NOEMI','AHMAD','ALARTE','1984-04-05','23254784J','nahmad@outlock.com'),(269,'10525332','IVÁN','LLADRÓ','PELADO','1988-12-14','76432937G','illadro@ono.com'),(270,'10525759','ESTEFANÍA','TALAVERANO','CHOUCIÑO','1995-01-15','27417321X','etalaverano@hotmail.com'),(271,'10527581','CECILIA','JORGE','GUARRO','1991-02-16','71871837B','cjorge@outlock.com'),(272,'10530485','MARIA ISABEL','FITO','MARTÍNEZ','1988-05-15','68899671C','mfitom@gmail.com'),(273,'10533496','MARÍA CONSTANZA','GÓMEZ','ROSALENY','1981-08-01','19699911C','mgomezr@yahoo.es'),(274,'10534455','ERNEST ERIK','GIL','CALVO','1997-11-27','18239115T','egilc@yahoo.es'),(275,'10535360','JUAN JOSÉ','LINARES','BAYONA','1994-05-28','68740408D','jlinaresb@gmail.com'),(276,'10536072','CILIN','SANCHIZ','ANTÓN','1991-06-09','61679576Q','csanchiz@gmail.com'),(277,'10539801','MAR NSANG','SANCHIS','GARCÍA','1994-05-27','44862824J','msanchis@gmail.com'),(278,'10539948','KELLY','TELLEZ','TORRES','1990-05-28','X5075511D','ktellez@gmail.com'),(279,'10541576','ADRIÁN','CUESTA','ILBAY','1992-07-10','68077582C','acuesta@gmail.com'),(280,'10543080','YOLANDA','LAHIGUERA','BELCHI','1999-02-11','57460996G','ylahiguera@gmail.com'),(281,'10545484','MARIA DEL CARMEN','TRIGUERO','CHAQUÉS','1986-02-10','77919681M','mtrigueroc@ono.com'),(282,'10548681','IVÁN','NAVARRO','VAQUERO','1986-12-17','26295577E','inavarrov@outlock.com'),(283,'10549482','CLARA MARÍA AMPARO','ARANDA','GANÁN','1984-04-21','76850733M','caranda@hotmail.com'),(284,'10550405','AINHOA','RODRÍGUEZ','MURILLO','1988-02-13','48699955P','arodriguez@hotmail.com'),(285,'10550495','FATIMA','ROMERO','GARCIA','1992-10-07','39321735S','fromero@outlock.com'),(286,'10552839','PABLO RICARDO','GÓMEZ','FERRIS','1987-03-13','62828122B','pgomez@gmail.com'),(287,'10552902','LAURA','CIURANA','PRESILLA','1980-08-11','52566566C','lciurana@hotmail.com'),(288,'10553077','MONICA','GIMÉNEZ','GARCIA','1987-04-24','35290548S','mgimenez@hotmail.es'),(289,'10555495','VÍCTOR','NÚÑEZ','TORRES','1991-11-11','47837915P','vnunyezt@yahoo.es'),(290,'10555530','IRENE','RUIZ ','FOSATI','1989-03-06','57164647X','iruiz@gmail.com'),(291,'10556558','AYEISA MUÑAY','BALLESTER','BENEYTO','1988-12-05','59734312T','aballester@hotmail.com'),(292,'10557137','MARTA','TARÍN','CERDÁ','1987-06-26','30652647H','mtarin@gmail.com'),(293,'10558596','ROMÁN','SALES','SANTORO','1995-04-13','20755838V','rsales@gmail.com'),(294,'10559774','FRANCISCO JOSE','PALANCA','SHEUTSHENKO','1999-03-19','66484951R','fpalanca@hotmail.com'),(295,'10565651','GERARG NICOLÁS','SOLIZ ','FERRÀ','1988-03-18','34622668D','gsoliz@yahoo.es'),(296,'10569539','CRESCENCIANO','ZARZA','FERNÁNDEZ','1989-03-06','62545253L','czarza@yahoo.es'),(297,'10570545','MARIA JOSE','MIRALLES','SÁNCHEZ','1988-05-17','59557689V','mmiralless@gmail.com'),(298,'10578620','SARA LUCÍA','PACA','PERIS','1989-02-25','14789695M','spaca@hotmail.com'),(299,'10580037','ANNA','MARTINEZ','TARAZONA','1995-01-03','X8425245T','amartinez@gmail.com'),(300,'10584097','NOEMI','CASES','SEVILLA','1982-06-20','47455926A','ncasess@hotmail.com'),(301,'10589697','GRACE','TORRES','MICÓ','1993-07-18','24235628E','gtorres@outlock.com'),(302,'10592607','NURIA','PEREZ','ASENSIO','1993-03-31','X1109199R','nperez@ono.com'),(303,'10593112','ISAAC','EL YAKOUBI','SANFELIX','1980-01-15','56831139W','iel yakoubis@hotmail.com'),(304,'10593813','PEDRO','ABAD','HERNÁNDEZ','1994-12-24','44689373M','pabad@hotmail.es'),(305,'10596213','ROBERTO','TRENCO','SIMÓN','1993-09-02','64466649H','rtrenco@ono.com'),(306,'10596232','MARÍA JOSÉ','GARCÍA','SAEZ','1982-05-10','50402403L','mgarcias@yahoo.es'),(307,'10596569','CARLA','BELLÓN','YUNGA','1997-06-12','62050652X','cbellon@gmail.com'),(308,'10598018','MARÍA ELENA','LANCERO','MIRA','1988-10-27','16828362K','mlancero@gmail.com'),(309,'10599928','ROSANA','SANZ','SÁNCHEZ','1981-10-07','26544913S','rsanz@hotmail.com'),(310,'10601553','SAMUEL','MANZOOR','JIMÉNEZ','1988-12-23','14300587S','smanzoorj@yahoo.es'),(311,'10602127','XIOMARA','ANAYA','FRESQUET','1985-08-14','75107740K','xanayaf@ono.com'),(312,'10604516','GUILLERMO','MAKSYMOV','FONS','1997-07-17','26028651B','gmaksymov@yahoo.es'),(313,'10607219','KAROL STPHEFANIE','MUÑOZ','GARCÍA','1984-03-04','18104019Y','kmunyoz@hotmail.es'),(314,'10608765','ANDREA','CABEZAS','BOHOBA','1997-06-06','35721882F','acabezas@gmail.com'),(315,'10608970','GUILLERMO','MARTINEZ','TOMAS','1991-05-25','X7391527V','gmartinezt@hotmail.es'),(316,'10609014','PABLO','BELTRÁN','YUNGA','1991-08-22','44507870H','pbeltran@hotmail.com'),(317,'10610513','RAUL','ÚBEDA','MORENO','1988-03-14','17526151J','rubeda@gmail.com'),(318,'10610544','ALICIA ELVIRA','ANDRÉS','BOBADILLA','1986-09-25','X1769595K','aandres@gmail.com'),(319,'10610728','NOELIA','GÓMEZ','PÉREZ','1985-10-12','26748693S','ngomezp@gmail.com'),(320,'10611317','GLORIA','ESPERANZA','RUBIO','1983-11-15','67051751N','gesperanza@ono.com'),(321,'10618025','ESTHER','PLAZA ','ESTEBAN','1997-03-18','73846324V','eplaza@gmail.com'),(322,'10618816','MARÍA PILAR','MOLLÁ','MARTÍNEZ','1988-10-25','32916187J','mmolla@outlock.com'),(323,'10620353','CELESTE','BUTT','SALAS','1982-02-08','44594851J','cbutts@hotmail.com'),(324,'10621681','DAYANA KATHERINE','ESPINOSA ','CARSI','1989-09-03','53207343V','despinosac@gmail.com'),(325,'10624870','ANA ROSARIO','PUMISACHO','GARCÍA','1991-10-27','46726518V','apumisachog@gmail.com'),(326,'10625623','DAVID','MARTÍNEZ','PARIENTE','1991-06-09','37637186D','dmartinez@outlock.com'),(327,'10628658','JOAN FRANCESC','MUÑOZ','CARSI','1986-03-18','37349144L','jmunyoz@yahoo.es'),(328,'10630724','JOSÉ','GALDÓN','MARTINEZ','1981-05-21','19351449P','jgaldon@outlock.com'),(329,'10634363','SONIA','MARÍN',' ','1985-03-18','50905518D','smarin@hotmail.com'),(330,'10637033','ANA KAREN','GARCÍA','PÉREZ','1984-07-28','78537848R','agarcia@ono.com'),(331,'10641121','JOSÉ MARÍA','VENDRELL','RODRIGUEZ','1982-12-11','37236772W','jvendrellr@gmail.com'),(332,'10642326','JAUME','RAEZ','I HERNÁNDEZ','1980-01-17','75590084D','jraez@gmail.com'),(333,'10643956','BLANCA MARÍA','DURÁN','TAMARIT','1995-02-22','60826095L','bduran@gmail.com'),(334,'10644107','AMADA','JUANES','FERNÁNDEZ','1992-08-04','70342082D','ajuanes@yahoo.es'),(335,'10647472','RAUL','GINER','CRESPO','1986-05-30','56307128T','rginer@yahoo.es'),(336,'10648390','LAURA DANIELA','MARTINEZ','MARTÍNEZ','1995-05-01','70384597C','lmartinez@ono.com'),(337,'10649497','LAURA','SANCHEZ',' ','1992-03-03','63940091E','lsanchez@gmail.com'),(338,'10654344','ALBERTO','VICENTE','GÓMEZ','1993-01-01','65417819T','avicente@gmail.com'),(339,'10656993','SERGIO','TOLOSA','ALFARO','1984-06-28','39539235G','stolosa@gmail.com'),(340,'10660451','CLARA EUGENIA','LAHUERTA','TORRES','1994-10-03','42957399T','clahuerta@outlock.com'),(341,'10661236','MARIA DEL CARMEN','TEJERO','GARCÍA','1986-12-05','13903040T','mtejero@gmail.com'),(342,'10661281','ALEJANDRA MARÍA','VALERA','ROS','1993-09-17','71299247Y','avalerar@hotmail.com'),(343,'10665628','RAFAEL','GARCÍA','GUIMERÁ-GARCÍA','1999-09-23','52921355B','rgarcia@gmail.com'),(344,'10666393','SARA','CORTINA','VALDES','1999-11-23','66166238E','scortinav@outlock.com'),(345,'10666911','MARÍA JOSÉ','DELGADO','GONZALEZ','1999-03-25','31052244J','mdelgadog@gmail.com'),(346,'10667594','ROBERTO RICARDO','DURÁN','DE LA TORRE','1982-10-10','59999493Z','rduran@yahoo.es'),(347,'10668665','CARLOS MANUEL','ORTEGA','PAN','1989-09-03','49620596M','cortegap@hotmail.com'),(348,'10670018','PATRICIA','UBIDE','RAMÍREZ','1981-08-02','18675515K','pubide@yahoo.es'),(349,'10672681','GERARG NICOLÁS','RUIZ','ORERO','1996-12-02','23992512Q','gruizo@hotmail.com'),(350,'10674857','JAVIER','FERRER','SANMIGUEL','1999-01-01','59781894H','jferrers@gmail.com'),(351,'10674943','ESTEFANIA','MARÍN','BARRIGA','1980-09-27','39390974R','emarin@gmail.com'),(352,'10675772','IVAN','PUMAR','MIRANDA','1989-05-26','28569315A','ipumar@hotmail.es'),(353,'10675990','PILAR','GÓMEZ','PÉREZ','1983-03-18','75223068G','pgomez@yahoo.es'),(354,'10676505','ANA MARÍA','MAESO','MENA','1984-09-16','31787730M','amaesom@gmail.com'),(355,'10676765','EVELYN ZULAY','MILLAN','RUIZ','1999-03-26','21634620S','emillan@gmail.com'),(356,'10676799','PEDRO ELISEO','PEREZ','LÓPEZ','1999-09-17','31415457X','pperez@gmail.com'),(357,'10676891','ALEJANDRO','MARTIN','PARIENTE','1994-09-28','72268165A','amartin@ono.com'),(358,'10677361','ROCIO DEL PILAR','NOGUERA','COSTA','1984-07-16','35173405B','rnoguera@hotmail.com'),(359,'10679435','SARA','TORRES','COLOMINA','1991-10-28','34455628H','storresc@ono.com'),(360,'10680192','ROSA MARÍA','DIMITROVA','PAREDES','1985-02-07','75137280Y','rdimitrova@hotmail.es'),(361,'10682101','MARIO GASTONE','GHITA','GUARINOS','1983-07-09','33868582R','mghita@gmail.com'),(362,'10689768','NÉSTOR','TABERNER','SÁNCHEZ','1983-01-12','30993722A','ntaberner@ono.com'),(363,'10692335','MARAH','BENITO','CERVERA','1984-03-27','52850788P','mbenito@gmail.com'),(364,'10693413','MARIA DEL CARMEN','HERRÁIZ','MINUESA','1980-06-11','14692800D','mherraiz@outlock.com'),(365,'10694033','MARÍA JOSÉ','CASTRO','GIL','1981-02-04','61161116E','mcastro@gmail.com'),(366,'10694843','LAURA','CORONADO','CARDOSO','1981-05-22','51070240M','lcoronadoc@gmail.com'),(367,'10698312','VIRGINIA','VILLANUEVA','DE LAS NIEVES','1998-05-28','72927979Q','vvillanueva@yahoo.es'),(368,'10698894','GLORIA','BAU','BAUSET','1983-03-13','49499938M','gbau@hotmail.com'),(369,'10699984','JOSE LEANDRO','FERNÁNDEZ','MANRIQUE','1986-08-09','39166565A','jfernandezm@gmail.com'),(370,'10702539','KARINA MARGOT','TORMO','POLIT','1994-12-28','38800250D','ktormo@hotmail.com'),(371,'10706017','JOSÉ GERMÁN','VALLE','ROIG','1986-11-18','51928806G','jvalle@ono.com'),(372,'10706753','BEATRIZ','ZABALA','BELEÑA','1981-12-09','53484734M','bzabala@gmail.com'),(373,'10707382','VICTORIA EUGENIA','MARTÍNEZ','EXPÓSITO','1992-10-20','32488468W','vmartinez@hotmail.es'),(374,'10707643','KHALED','PACA','HERNÁNDEZ','1995-11-28','66054589S','kpacah@gmail.com'),(375,'10708145','YANN','COBO','SALAS','1980-09-29','28955163A','ycobo@hotmail.com'),(376,'10708857','CARLOS','QUEVEDO','GUARRO','1987-04-27','77009118N','cquevedo@outlock.com'),(377,'10710095','MARÍA CRUZ','AGUIRRE','MURCIA','1991-03-18','79914078A','maguirre@hotmail.com'),(378,'10711263','VANESA','SALIDO','CEBRIÁN','1981-08-11','25183532G','vsalido@ono.com'),(379,'10711304','SAMUEL','HORTELANO','DOMÍNGUEZ','1982-01-06','60470468H','shortelano@gmail.com'),(380,'10714271','IRENE','BAUTISTA','FERRIS','1998-02-10','18070406L','ibautista@gmail.com'),(381,'10719763','GINA ELIZABETH','ABENOJAR','CASES','1992-01-31','74171574R','gabenojar@hotmail.com'),(382,'10722267','SANDI PAOLA','POP','GABALDÓN','1992-11-14','59332939T','spop@gmail.com'),(383,'10724427','ENRIQUE','ABAD','FILLOL','1988-12-22','16197900N','eabadf@ono.com'),(384,'10725079','CARLA','POUSO','VILLANUEVA','1994-05-01','15855041Z','cpousov@hotmail.com'),(385,'10725907','ALFONSA','AYLLON','YEPES','1983-08-30','41631635W','aayllon@hotmail.es'),(386,'10726685','ELBA SARAY','GARCIA','PILAPANTA','1995-06-19','49419394F','egarcia@gmail.com'),(387,'10730302','MARÍA CONSTANZA','BELENGUER','ROSADO','1985-08-07','37246393D','mbelenguerr@gmail.com'),(388,'10730640','RAQUEL','NARANJO','GONZALEZ','1988-10-03','74205167Z','rnaranjo@gmail.com'),(389,'10730746','MARTA','MARTÍNEZ','AROCA','1988-10-29','65467261S','mmartinez@yahoo.es'),(390,'10731579','SONIA','BARBERÁ','LLOPES','1988-08-01','34761812A','sbarberal@gmail.com'),(391,'10743320','YASMIN','MARTÍN','CASTELL','1992-02-17','19375536Z','ymartin@hotmail.es'),(392,'10745425','INGRID','NÚÑEZ','GÓMEZ','1997-02-03','29551322W','inunyez@gmail.com'),(393,'10745704','MARÍA DE LOS DESAMPARADOS','MARTÍNEZ','MAFE','1992-02-20','Y0922375C','mmartinez@gmail.com'),(394,'10748570','MARÍA','ESCUDERO','GIL','1986-09-01','X6550039F','mescudero@gmail.com'),(395,'10752950','MARÍA DEL MAR','BARBERÁ','DE OLIVEIRA','1984-12-22','38704158B','mbarberad@gmail.com'),(396,'10759937','NOELIA','BOSCA','ROMERO','1988-10-22','13936596E','nbosca@gmail.com'),(397,'10760153','IRENE','PASTOR','MORALES','1998-07-12','78525169H','ipastor@hotmail.es'),(398,'10760569','MARIA FELIX','LLADRÓ','MACHÍ','1996-04-24','59294611J','mlladrom@gmail.com'),(399,'10762405','YAIZA','PASCUAL','FONS','1982-12-21','48193382X','ypascual@gmail.com'),(400,'10766484','KRISTINA','ANDRÉS','MORENO','1999-10-30','18788508S','kandresm@hotmail.com'),(401,'10768415','ROBERTO ','HLIOUA',' ','1996-01-17','22201434V','rhlioua@gmail.com'),(402,'10768957','LIZ LENY','OJEDA','HERRAIZ','1995-08-10','35202519F','lojedah@gmail.com'),(403,'10770369','PAULA','SERRANO','MÁÑEZ','1997-07-28','33301754P','pserranom@gmail.com'),(404,'10772240','MARÍA JESÚS','BAYO','BRISA','1984-01-19','22292150K','mbayo@gmail.com'),(405,'10777862','MARIA ALEXANDRA','BELTRÁN','SEGARRA','1984-05-07','Y1332422T','mbeltran@gmail.com'),(406,'10778550','PAZ JUANPING','TORRES','PORTERO','1999-03-21','16849675J','ptorres@hotmail.es'),(407,'10779345','MARÍA','LÓPEZ','DOMENECH','1989-04-27','12430470M','mlopez@gmail.com'),(408,'10783508','SAMUEL','PALAU','FULGENCIO','1998-05-22','64769355K','spalau@hotmail.com'),(409,'10787354','MARÍA PILAR','MUHAMMAD','MARTÍN','1989-07-04','53710419Z','mmuhammadm@ono.com'),(410,'10787592','JOSÉ','BENIMELI','ZARAGOZA','1988-12-29','79226959D','jbenimeli@hotmail.com'),(411,'10789187','MARÍA','ZARAGOZA','MARTÍ','1996-06-26','52232028V','mzaragoza@gmail.com'),(412,'10789763','FRANCISCA JOSÉFA','AYZA','CUESTA','1993-07-03','32813026F','fayzac@hotmail.es'),(413,'10790624','PATRICIA','MÁÑEZ','ANDRÉS','1990-12-28','76696875V','pmanyez@gmail.com'),(414,'10793106','MARÍA ISABEL','PRIETO','FIGUERAS','1992-07-07','44359426Q','mprietof@gmail.com'),(415,'10793646','ROBERTO ','BERLANGA','AROCAS','1997-06-24','57169834E','rberlanga@gmail.com'),(416,'10795237','ANA MARÍA','DURÁN','BETETA','1986-04-26','33996372A','aduranb@outlock.com'),(417,'10795309','ELISA LIBERTAD','COLLAZOS','RUIZ','1994-11-12','48245181J','ecollazos@outlock.com'),(418,'10796813','NEUS','TORRES','TURBI','1995-01-07','61827771E','ntorres@gmail.com'),(419,'10797100','ADRIÁN','MARTÍNEZ','BEDMAR','1992-10-13','49175046B','amartinez@hotmail.com'),(420,'10799135','LAURA','PLAZA','BERTOMEU','1986-03-25','19140014N','lplaza@ono.com'),(421,'10799905','LESLIE ADRIANA','DAVID','FABRA','1987-05-20','27860008Q','ldavidf@gmail.com'),(422,'10800443','MARÍA','FERNÁNDEZ','REYES','1984-10-27','18560256S','mfernandez@gmail.com'),(423,'10805859','VICENTE','LECHAGO','COLOMER','1999-08-19','44670149D','vlechago@gmail.com'),(424,'10805901','JUDIT','CARRETERO','COLINIR','1988-03-04','40088289W','jcarretero@yahoo.es'),(425,'10805908','IZAN MIHAI','TELLO','DE PASCUAL','1996-03-25','71796128H','itello@hotmail.com'),(426,'10806639','ELENA','BENCIVENGA','NAVARRO','1987-12-16','59692218L','ebencivengan@ono.com'),(427,'10809729','IVAN','VARGAS','PORTERO','1981-01-14','X6862334P','ivargas@gmail.com'),(428,'10810314','ANA ISABEL','BETA','ARÉVALO','1985-06-03','42961749A','abeta@outlock.com'),(429,'10814619','DUNIA','ROCA ','MUÑOZ','1996-09-10','47993053B','droca@gmail.com'),(430,'10815937','DANIEL','MOLINA','CASTELLÓ','1985-10-05','X8640528A','dmolinac@hotmail.com'),(431,'10817172','SUSANA','BANEGAS','DÍAZ','1984-11-06','68576524T','sbanegasd@gmail.com'),(432,'10819979','VANESSA','VELARDE','SOTO ','1989-01-17','19041973C','vvelarde@gmail.com'),(433,'10822745','MERCEDES','CLIMENT','CAMARILLAS','1987-08-24','64710025P','mclimentc@yahoo.es'),(434,'10824872','FRANCISCO JAVIER','PÉREZ','ROIG','1984-10-30','X7045464N','fperez@hotmail.com'),(435,'10826030','ALBERTO','FERMOSO','CRESPO','1995-09-21','24369416L','afermoso@hotmail.com'),(436,'10827884','DIANA MARÍA','RIBEIRO','PILAPANTA','1997-08-17','57036333J','dribeiro@hotmail.com'),(437,'10829185','MIRANDA','ASTIFAN','DOMÍNGUEZ','1989-09-14','62575656Q','mastifan@outlock.com'),(438,'10831690','ZAHRA','BLANQUER','ARANZAZU','1994-09-22','72501551P','zblanquera@hotmail.com'),(439,'10831928','FRANCISCO JOSE','SERRANO',' ','1984-02-21','59162816P','fserrano@yahoo.es'),(440,'10832377','DAVID','GASSÓ','TORTOSA','1982-03-17','15742682X','dgassot@ono.com'),(441,'10834466','SAMUEL','GONZALES','SAHUQUILLO','1981-10-03','X5339543R','sgonzales@yahoo.es'),(442,'10839076','DESIRÉE','PAÑOS','GARCIA','1981-09-11','15533515M','dpanyos@gmail.com'),(443,'10840207','AMPARO','OLIVER','BLÁZQUEZ','1980-07-01','X3916300K','aoliver@gmail.com'),(444,'10840343','SUSANA','ZAVGORODNYAYA','MARÍN','1982-03-13','34441902T','szavgorodnyaya@gmail.com'),(445,'10844132','MIREIA CARME','MIQUEL','HERNÁNDEZ','1997-09-20','68525627W','mmiquelh@gmail.com'),(446,'10845933','PAULA','NOVAC','ALVAREZ','1990-11-30','41585339M','pnovac@hotmail.es'),(447,'10846951','CARLA','DOMINGO','MIELGO','1987-03-01','17594214L','cdomingom@hotmail.es'),(448,'10847920','EDUARD','VALLE','VALLS','1998-01-28','19654256C','evalle@hotmail.es'),(449,'10850274','NOEL CARMELO','MATEO','GÓMEZ-CUENCA','1988-07-03','46784263D','nmateo@gmail.com'),(450,'10851679','JESSICA DEL CARMEN ','BERTRAM','JUAN','1998-06-08','78557013F','jbertram@hotmail.com'),(451,'10851834','CARLOS','MARTÍNEZ','DARÍES','1988-11-02','40552097S','cmartinez@gmail.com'),(452,'10851939','CYNTHIA','CANO','CALERO','1995-07-16','67284873Y','ccano@outlock.com'),(453,'10852739','MARÍA JESÚS','GINER','ALONSO','1987-02-26','12585716R','mginer@hotmail.com'),(454,'10854035','JOSÉ','MORENO ','GARCÍA','1983-03-28','30007887V','jmoreno@yahoo.es'),(455,'10856229','FRANCISCA','JUNQUERO','GONZÁLEZ','1986-07-20','48272947H','fjunquero@gmail.com'),(456,'10857525','PATRICIA','LÓPEZ','LOZANO','1983-01-01','23218034V','plopezl@hotmail.es'),(457,'10864863','SARA','MARTÍNEZ','DARÍES','1999-07-06','40693299C','smartinez@ono.com'),(458,'10866932','MARÍA CRISTINA','BENTABERRY','MACIA','1996-01-27','64099742F','mbentaberry@hotmail.com'),(459,'10867239','ANA ROSARIO','DIKA','DESCO','1996-01-02','11038634Z','adika@gmail.com'),(460,'10870136','LUKEN','GASCÓN','VENANCIO','1993-09-24','11378829Q','lgascon@outlock.com'),(461,'10871209','LUIS','RUIZ','MERINO','1999-02-11','31643153Y','lruiz@hotmail.es'),(462,'10874823','ALEXANDER','AUGUSTO','PONS','1982-05-03','74575624X','aaugustop@gmail.com'),(463,'10879085','JULIA','VILLANUEVA','ALONSO','1987-04-15','12517698V','jvillanueva@gmail.com'),(464,'10880876','PAULA','FORT','PÉREZ','1988-03-26','31777181J','pfortp@hotmail.es'),(465,'10880933','ANDREA','SERRA','EGUSQUIZA','1984-12-10','35228382H','aserrae@gmail.com'),(466,'10885322','REBECA','SERRANO','MARTÍN','1987-03-05','25248081S','rserrano@hotmail.es'),(467,'10886170','MELISA','RUIZ','PÉREZ','1986-01-06','46174918A','mruizp@yahoo.es'),(468,'10888060','MARINA','MONZO','ROMERO','1999-12-20','44537360E','mmonzor@outlock.com'),(469,'10891174','ANDREA','MORAGON','TENA','1988-08-05','32756093E','amoragon@gmail.com'),(470,'10896558','ENCARNACIÓN','SAIZ','SAHUQUILLO','1983-01-19','18125991J','esaiz@ono.com'),(471,'10901570','MARÍA JOSÉ','GRANDA','MONTESINOS','1985-03-27','28129203L','mgranda@yahoo.es'),(472,'10905943','CARLOS','BONET','PLANELLS','1986-03-21','78103784Q','cbonet@outlock.com'),(473,'10908052','SUSANA','PALOP','MATEO','1984-07-05','68444389T','spalop@hotmail.com'),(474,'10909862','EMILIO ALBERTO ','SÁNCHEZ','CABELLO','1988-05-27','74842239D','esanchezc@yahoo.es'),(475,'10910325','VICENTE FRANCISCO','FERNÁNDEZ','BENITO','1998-08-20','66490026Q','vfernandez@hotmail.com'),(476,'10912818','MARIA LUISA','CABRERA','TENICELA','1984-09-07','72775523G','mcabrera@hotmail.es'),(477,'10913218','SILVIA','TALAVERANO','MAS','1993-01-25','47858793W','stalaverano@gmail.com'),(478,'10914095','MARÍA','MARTÍNEZ','ARENAS','1994-03-13','16808617X','mmartinez@yahoo.es'),(479,'10914205','ADORACIÓN','APARICIO','MATOSES','1990-06-17','74663284V','aaparicio@gmail.com'),(480,'10914211','IHSSANE','PIÑA','GANDO','1990-08-05','29156774L','ipinya@gmail.com'),(481,'10916624','PATRIK VINICIUS','HORTELANO','GENOVÉS','1982-07-30','35991118M','phortelano@gmail.com'),(482,'10921007','ANA BELEN','OLIVER','CARITA','1983-09-15','63855967D','aoliver@hotmail.com'),(483,'10922794','FRANCISCO JAVIER','LAVÍN',' ','1982-07-04','Y0679125H','flavin@gmail.com'),(484,'10924719','DANIEL','KONZEM','GÓMEZ','1994-02-27','12565901N','dkonzem@outlock.com'),(485,'10925735','CARLOS','ROSELLÓ','SANZ','1982-03-21','46499308R','crosello@outlock.com'),(486,'10926274','ELBA SARAY','PÈREZ','OLMO','1999-08-17','31193003N','eperez@hotmail.com'),(487,'10926917','CELESTE','JUNQUERO','MARTINEZ','1981-07-15','39698406S','cjunquero@hotmail.com'),(488,'10926954','FRANCISCO JAVIER','ROCA ','CRESPO','1986-05-03','47129419G','froca@gmail.com'),(489,'10928222','MARIA ALEXANDRA','CUADRADO','CARAVACA','1988-06-30','30613883D','mcuadrado@hotmail.com'),(490,'10935295','AMADA','CAMARENA','CARMONA','1999-09-05','50810125C','acamarena@hotmail.com'),(491,'10938020','TERESA','RIESTRA','GARCIA','1981-12-21','60163827J','triestrag@gmail.com'),(492,'10940150','ISMAEL','MARROQUINO','TIMOTEO','1986-09-06','28362685M','imarroquino@gmail.com'),(493,'10944330','PAULA','HIDALGO','IBAÑEZ','1988-02-08','68505162F','phidalgo@hotmail.com'),(494,'10947879','PAZ JUANPING','JIMÉNEZ','MEDINA','1989-01-07','X6520953Q','pjimenezm@hotmail.com'),(495,'10948424','ANDRÉS','GUALOTUÑA','PEÑALVER','1992-05-05','30884918N','agualotunya@ono.com'),(496,'10950806','CECILIA ARACELI','CASTILLO','BENAVENT','1998-11-29','41024353N','ccastillo@gmail.com'),(497,'10952468','CATERINA','GALINAUSKAITE','GARCÍA','1987-05-06','78395133R','cgalinauskaiteg@gmail.com'),(498,'10953805','MARÍA','EDU','CASAMA','1984-06-09','16683576C','meduc@hotmail.es'),(499,'10954168','DAVID','TORMO','CARRILLO','1998-01-25','27450899P','dtormoc@gmail.com'),(500,'10954243','DOLORES DEYSI','SALGADO','SANTANA','1980-02-14','57839629B','dsalgados@gmail.com'),(501,'10957841','MARIA JENIFER','KIRAN','SÁNCHEZ','1996-03-06','33855525P','mkiran@gmail.com'),(502,'10961560','TATIANA','AMIGO','NAVARRO','1984-10-30','38222440M','tamigo@outlock.com'),(503,'10962989','ELENA MARÍA','ALCÁZAR','ROCAFULL','1990-01-23','76729713B','ealcazarr@hotmail.com'),(504,'10963002','JOSÉ VICENTE','DIAZ','RAMIREZ','1998-01-03','41190128A','jdiaz@ono.com'),(505,'10965329','NOELIA','GIMÉNEZ','GUERRERO','1984-05-22','67424619G','ngimenez@gmail.com'),(506,'10966323','ENRIQUE MARIANO','RODRIGUES','CALABUIG','1980-05-26','28905709E','erodriguesc@hotmail.com'),(507,'10968375','RAFAEL','RENOVELL','ACEDO','1993-03-20','X4786126X','rrenovella@ono.com'),(508,'10970412','MARTA','MONTOLIU','BOHOBA','1997-11-10','59311136R','mmontoliub@ono.com'),(509,'10970444','DARRY GIULLIANO','RUIZ','CEBRIA','1991-12-06','71470237Z','druizc@yahoo.es'),(510,'10972854','MAR','CORONEL','LORENTE','1983-03-01','59903078S','mcoronel@yahoo.es'),(511,'10974668','VANESSA','VALERO','GIMENO','1997-05-23','50500967M','vvalero@yahoo.es'),(512,'10975239','PAOLA ANDREA','LÓPEZ','ANDREU','1988-10-09','34912784A','plopeza@yahoo.es'),(513,'10982175','ALEJANDRO','GUIRADO','ESTEBAN','1980-06-28','63922152T','aguiradoe@gmail.com'),(514,'10986474','MARÍA ELENA','RINCÓN','JUST','1995-05-12','X2566126Q','mrinconj@hotmail.com'),(515,'10986524','ZHENG','MARTÍNEZ','ESTELLES','1999-03-15','X3982142Z','zmartinez@ono.com'),(516,'10990616','ALMUDENA','TARÍN','SÁNCHEZ','1996-10-16','14676559Y','atarins@ono.com'),(517,'10990812','PAULA','OLMO','ESPINAR','1989-01-17','19533012D','polmo@gmail.com'),(518,'10996063','FRANCISCO JAVIER','MONTAGUD','NOGUERA','1991-07-08','27414268Q','fmontagudn@ono.com'),(519,'11004303','PATRICIA','INAREJOS','MEDINA','1990-03-12','27358366G','pinarejos@gmail.com'),(520,'11005361','VICENTE','HRUDKA','FERRER','1980-01-25','68936081K','vhrudka@gmail.com'),(521,'11006430','MARTA','MARCO','SÁNCHEZ','1982-08-23','58524820D','mmarco@gmail.com'),(522,'11006604','ANDREA','ROZALÉN','ACEDO','1994-04-01','56913288H','arozalen@hotmail.com'),(523,'11007838','STEPHANIE ANABEL','MARTÍNEZ','GALLARDO','1994-10-18','16056975P','smartinez@gmail.com'),(524,'11009036','BEATRIZ','NAVARRO','LÓPEZ','1984-04-09','20881413N','bnavarrol@hotmail.es'),(525,'11012123','IVÁN','ARCOS','REY','1985-06-23','Y5902837Q','iarcosr@hotmail.com'),(526,'11013196','CELESTE','VAREA','BLASCO','1988-05-04','48452768W','cvareab@hotmail.es'),(527,'11013967','MARÍA','MOVSESYAN','CANDO','1989-06-01','70018464R','mmovsesyanc@yahoo.es'),(528,'11014402','ANA ISABEL','CAMPOY','SORIA','1986-03-16','56629154A','acampoys@hotmail.es'),(529,'11019038','MARTA','TEJERA',' ','1984-04-17','45128031F','mtejera@gmail.com'),(530,'11021411','JENNIFER','SÁNCHEZ','BRISA','1993-09-21','41307599J','jsanchez@gmail.com'),(531,'11025784','ROCIO','MORA','GALLARDO','1980-05-25','63316715S','rmora@outlock.com'),(532,'11028960','GINA ELIZABETH','DE MICHELE','SOLER','1989-07-20','60654627Q','gde michele@gmail.com'),(533,'11034633','SANDRA','ARIAS','NAVARRO','1986-12-10','73890318N','sariasn@outlock.com'),(534,'11034650','VITALI','SÁNCHEZ','MONTAGUD','1987-11-07','65558556T','vsanchez@hotmail.com'),(535,'11034890','ANA BELEN','EXPÓSITO','CERDÁ','1991-06-20','34561862S','aexposito@hotmail.es'),(536,'11036248','MARIA BELÉN','CLEMENTE','VAQUERO','1992-12-16','66074745T','mclemente@ono.com'),(537,'11037042','SORAYA','DOMINGO','TAMARIT','1987-12-26','62273561A','sdomingo@gmail.com'),(538,'11037795','ESTEFANÍA','VILAPLANA','IPUTE','1996-04-11','40465529L','evilaplana@gmail.com'),(539,'11038399','LARA','SANTIAGO','ESPINAR','1997-07-17','32721917R','lsantiago@outlock.com'),(540,'11046181','INÉS','LOPEZ','MARTINEZ','1992-06-15','44057785C','ilopez@hotmail.com'),(541,'11052039','ANAIS','GÓMEZ','VIANA','1985-08-18','12644916E','agomezv@hotmail.com'),(542,'11053856','MARÍA AMPARO','VALADO','SÁNCHEZ','1983-03-23','59280475E','mvalados@hotmail.com'),(543,'11054998','STEFANIA','HERNÁNDEZ','PELADO','1983-02-07','X5844802L','shernandez@gmail.com'),(544,'11055793','MICHELLE LUCIA','MERCADO',' ','1990-12-16','70308086F','mmercado@hotmail.es'),(545,'11055853','GUILLERMO','BARELLA','BLÁZQUEZ','1996-12-14','79177173H','gbarella@outlock.com'),(546,'11057420','IVÁN','TARÍN',' ','1998-08-03','30964197X','itarin @gmail.com'),(547,'11058163','SAGRARIO ','CHAPARRO','GÓMEZ','1997-03-05','21853419S','schaparro@ono.com'),(548,'11064726','YOLANDA','ARANDA','BARRIGA','1988-02-16','12067922Y','yarandab@ono.com'),(549,'11068163','DEYRIS MABEL','PEÑALVER','FERRER','1990-04-12','14892432R','dpenyalver@gmail.com'),(550,'11071488','JOSÉ MANUEL','CIVERA ','CÁRDENAS','1988-04-30','13985609E','jcivera@gmail.com'),(551,'11074787','ISIDRO','MORENO','GONZÁLEZ','1992-07-20','15173372L','imoreno@hotmail.com'),(552,'11076527','CILIN','SAN JUAN','SEVILLA','1982-09-22','56162660H','csan juans@hotmail.es'),(553,'11082176','ANA MARÍA','BELLÓN','LAZARO','1988-12-08','14155684N','abellon@hotmail.com'),(554,'11082932','LETICIA','ASINS','GARCIA','1985-10-10','58916216Z','lasins@gmail.com'),(555,'11083540','DAVID','CALERO','CHOUCIÑO','1992-05-19','56600903L','dcaleroc@gmail.com'),(556,'11083632','SARA','VALERA','ANTÓN','1995-12-15','46094548H','svalera@ono.com'),(557,'11091958','RAQUEL','HERNÁNDEZ','GARCÍA DEL REAL','1980-09-25','58735516W','rhernandezg@hotmail.com'),(558,'11092940','IGOR','ENCINAS','SAN DANIEL','1987-01-16','62079783T','iencinass@yahoo.es'),(559,'11094394','CRISTINA','GÓMEZ','BENÍTEZ','1994-10-21','26070336C','cgomez@hotmail.es'),(560,'11098414','KARINA','OLIVER','VILLENA','1991-04-03','15266491B','koliver@hotmail.com'),(561,'11100503','BEATRIZ','PÉREZ','BUJALANCE','1987-01-18','72403783J','bperez@gmail.com'),(562,'11102989','ALBA','LOZANO','CARMONA','1994-07-27','X1587842Z','alozano@hotmail.com'),(563,'11105903','MIREYA','MODREGO','HERNÁNDEZ','1994-11-21','74194892C','mmodrego@hotmail.com'),(564,'11106819','YOANA','TURRIÓN','CLERIGUES','1987-12-04','71950382B','yturrion@hotmail.com'),(565,'11107301','EMILIO ALBERTO ','ADELANTADO','CORCOBADO','1981-02-05','51710232E','eadelantadoc@hotmail.com'),(566,'11108900','INMACULADA CONCEPCIÓN','ESTEBAN',' ','1981-05-01','61114669N','iesteban@gmail.com'),(567,'11115553','NURIA','PASTRANA',' ','1992-12-16','15961769E','npastrana@gmail.com'),(568,'11116530','FRANCISCO JOSE','BOIX','ESPUIG','1994-09-24','32386536Y','fboix@hotmail.com'),(569,'11120853','ANA BELEN','SAIZ','SISTERNAS','1985-05-24','24946869B','asaiz@ono.com'),(570,'11124540','SONIA','GOMIS','FURIÓ','1980-08-10','15970458V','sgomis@hotmail.com'),(571,'11129556','DAVID','SALAVERT','BLASCO','1988-07-01','24020220D','dsalavert@ono.com'),(572,'11129603','CELIA','RUIZ','SANTOS','1988-06-24','68971001G','cruizs@hotmail.com'),(573,'11132044','REBECA','TALAYA','VICENTE','1992-01-14','44200315L','rtalayav@gmail.com'),(574,'11135631','DAVID','PERIS','ESCANDELL','1985-12-21','X9566328F','dperis@gmail.com'),(575,'11135883','ALEJANDRO','COMINS','MOLINA','1982-01-02','42191710G','acomins@gmail.com'),(576,'11136846','ALEJANDRO','TORTAJADA','ROSALENY','1986-10-05','28760743W','atortajadar@gmail.com'),(577,'11138211','ANDREA','CEBRIÁN','LAHOZ','1997-08-09','78450020X','acebrianl@hotmail.com'),(578,'11143044','DUNIA','AGUIRRE','CALATAYUD','1980-11-06','60786684F','daguirre@ono.com'),(579,'11143803','ÓSCAR','BONET','BONDUM','1995-02-26','X3579786C','?bonet@gmail.com'),(580,'11146548','LUCAS YOEL','NOMOKO','PROSPER','1990-10-27','27924201Q','lnomokop@outlock.com'),(581,'11147108','JORDI MANUEL','CLIMENT','FORES','1987-01-14','66712484H','jclimentf@gmail.com'),(582,'11147396','MARIA ANGELES','GARCÍA','ÁVILA','1980-08-28','58032380E','mgarcia@hotmail.es'),(583,'11147676','OLGA','OLMEDA','CATALÁ','1986-03-05','59081116G','oolmeda@gmail.com'),(584,'11150387','ANA BELEN','PÈREZ','PICÓ','1984-05-22','77118508Z','aperez@yahoo.es'),(585,'11151854','CAROLINA','RODRIGUES','BARBERA','1997-09-04','13883196M','crodriguesb@outlock.com'),(586,'11152229','PERE','RUIZ','CUESTA','1988-09-09','55278894G','pruizc@hotmail.es'),(587,'11153835','AURORA','SANDOVAL','ROSADO','1993-02-09','59122856E','asandoval@gmail.com'),(588,'11154272','RAÚL','PÉREZ-ROMERO','CARBONELL','1999-05-27','58586234J','rperez romeroc@hotmail.es'),(589,'11158510','ANDRÉS','SEGURA','BERMÚDEZ','1990-05-18','66490195R','asegurab@hotmail.com'),(590,'11161971','JUAN ANTONIO','LÓPEZ','CANET','1998-07-20','X1015789V','jlopezc@hotmail.es'),(591,'11162029','PATRICIA','PASTOR','RODRÍGUEZ','1983-07-25','73446471L','ppastor@outlock.com'),(592,'11163330','CHRISTOPHER JUNIOR','ENCINAS','BAUSET','1998-04-24','X6212234A','cencinas@gmail.com'),(593,'11163530','BORJA','GALINDO','CARPENA','1986-11-17','34105183R','bgalindo@yahoo.es'),(594,'11163718','PAULA','GÓMEZ','LOZOYA','1991-06-08','23889421B','pgomez@gmail.com'),(595,'11164716','USMAN','REY','GONZÁLEZ','1986-06-10','X4403197P','urey@gmail.com'),(596,'11167179','TAYEB','GUIRADO','ARCO','1993-01-11','68375205T','tguirado@gmail.com'),(597,'11167831','MERCEDES JOSELYN','CLIMENT','GÓMEZ','1990-07-13','38670021Y','mcliment@hotmail.es'),(598,'11168063','BERNARDO','NIEVA','SÁNCHEZ','1986-04-08','55999240J','bnievas@gmail.com'),(599,'11168131','CONSUELO','MARTÍNEZ','SANCHEZ','1990-12-13','64564342F','cmartinez@hotmail.com'),(600,'11168174','MARÍA','SAROYA','MORENO','1995-04-21','69602951Y','msaroya@hotmail.es'),(601,'11168293','MARTA','PÉREZ','OLIVARES','1985-11-15','63062496S','mperezo@hotmail.es'),(602,'11168865','LYUDMYLA','VILLAJOS','FILLOL','1985-02-21','59322488Z','lvillajos@hotmail.com'),(603,'11169680','EMILIO JOSÉ','MARTÍNEZ','JIMÉNEZ','1995-10-29','44756017H','emartinezj@hotmail.com'),(604,'11172738','ANA ISABEL','PALLO','CARRASCO','1998-10-12','59175039H','apalloc@yahoo.es'),(605,'11172901','INES','SORLÍ','ZAMORA','1990-02-22','49666098J','isorliz@gmail.com'),(606,'11173780','DANA','SANZ','CLIMENT','1995-01-29','71222442K','dsanzc@yahoo.es'),(607,'11175517','FERNANDO','SOMERA','ESTEBAN','1985-02-10','12763469X','fsomera@gmail.com'),(608,'11176043','FRANCISCO','PELLICER','MARTÍNEZ','1982-08-15','X0360391G','fpellicer@ono.com'),(609,'11179773','ANNA','SILLA','SALAS','1986-12-30','62710222D','asillas@gmail.com'),(610,'11179841','EMILIO ','CARPENA','BALLESTEROS','1997-01-04','22558479X','ecarpena@gmail.com'),(611,'11182024','LIDIA','ALVAREZ','LÓPEZ','1995-12-28','60593843K','lalvarez@yahoo.es'),(612,'11182062','MELANI','CEBRIAN','CRESPO','1983-03-05','49348902X','mcebrianc@outlock.com'),(613,'11185502','PAZ ISADORA','VELARDE','CUESTA','1984-09-15','62029539B','pvelarde@hotmail.com'),(614,'11187281','ÁLVARO','FERNÁNDEZ',' ','1982-10-05','X2100281J','?fernandez@outlock.com'),(615,'11187362','SERGIO','RIBES','GIMÉNEZ','1985-09-11','24851292E','sribesg@hotmail.com'),(616,'11194418','NATIVIDAD','PERIS','VILLANUEVA','1995-06-16','72517458E','nperis@outlock.com'),(617,'11194433','ROSA ANTONIA','SAN CIRILO ','ZUBIMENDI','1985-08-01','78155396Q','rsan cirilo@hotmail.es'),(618,'11195191','ANA BELEN','RIBES','SOSA','1990-07-02','19023531R','aribes@gmail.com'),(619,'11195998','HELGA','SANCHEZ','ALONSO','1989-12-15','53019379D','hsanchez@hotmail.es'),(620,'11198537','JOSÉ','MAS','IGLESIAS','1990-10-10','55496556V','jmas@outlock.com'),(621,'11200692','DAVID','ALMENDROS','PASTOR','1989-08-20','X8425303N','dalmendros@hotmail.com'),(622,'11203990','ANDREA','PAULINO','BOHOBA','1998-12-12','77476961N','apaulino@yahoo.es'),(623,'11206859','MARIA','GÓMEZ','SOTO ','1988-09-03','71238548G','mgomez@hotmail.com'),(624,'11207324','ÁLVARO','BLASCO','GRAU','1986-12-30','37283513F','?blasco@yahoo.es'),(625,'11207711','FRANCISCO JOSÉ','PUMISACHO','PRESILLA','1982-06-15','15129866Y','fpumisacho@gmail.com'),(626,'11209725','MARCO ANTONIO','CASCALES','FULGENCIO','1982-05-13','49866655X','mcascalesf@gmail.com'),(627,'11210716','MARÍA JOSÉ','BURGOS','TÚA','1985-02-23','33393978W','mburgos@hotmail.com'),(628,'11217421','DAVID','SAJARDO','MUÑOZ','1989-07-28','33601456C','dsajardom@ono.com'),(629,'11218175','MARIA TERESA','SARRIÁ','GIMENO','1997-01-16','X9217321W','msarria@hotmail.com'),(630,'11218410','ROSA MARÍA','CHARDI','CASANS','1983-10-09','38680149Z','rchardic@ono.com'),(631,'11223578','ADRIÁN','DOMINGO','NZITOUO','1991-01-30','49713374R','adomingo@hotmail.com'),(632,'11224896','RAQUEL','CAMBRONERO','PERIS','1982-10-15','14730871S','rcambronero@hotmail.com'),(633,'11225843','BEATRIZ','ASENSI','MORENO','1991-06-20','70132102L','basensim@hotmail.es'),(634,'11226743','VANESA','SALINAS','GARCÍA-CONSUEGRA','1980-06-16','49892684A','vsalinasg@gmail.com'),(635,'11228187','ESPERANZA','PESET','SANCHIS','1993-12-25','65873985F','epesets@gmail.com'),(636,'11231540','MARÍA AMPARO','FERNÁNDEZ','ESCRIVÀ','1987-05-05','16090190B','mfernandeze@hotmail.com'),(637,'11232031','TASMIA','AGUIRRE','BENITO','1998-03-26','33823748V','taguirreb@hotmail.com'),(638,'11232928','PAU','CASTELLAR','BAENA','1997-02-17','79023878H','pcastellar@hotmail.com'),(639,'11233856','ADRIÁN','POP','GUARNIDO','1988-02-14','45075978A','apop@hotmail.com'),(640,'11234001','BEATRIZ','ORTEGA','CUESTA','1996-01-05','59706472J','bortega@hotmail.com'),(641,'11235343','SONIA','ENGASA','MORANTÍN','1985-12-17','62168068B','sengasa@hotmail.com'),(642,'11236676','IVÁN','MÉNDEZ','VERDET','1993-07-21','46170361T','imendezv@hotmail.es'),(643,'11238086','KIRIAN DANAE','SANTAMARÍA','GENOVÉS','1999-07-29','73340805S','ksantamariag@outlock.com'),(644,'11238595','MARTA','PÉREZ','BENEDICTO','1991-01-15','78196988R','mperez@hotmail.es'),(645,'11239184','MARINA','TORRES','CÁCERES','1981-12-15','76865021X','mtorresc@outlock.com'),(646,'11241693','MIRIAM ','NÚÑEZ','MARTORELL','1985-12-25','24865388L','mnunyez@gmail.com'),(647,'11243206','LORENA','CABANAS','GARCIA','1990-04-15','72968214R','lcabanas@yahoo.es'),(648,'11245285','JORDI MANUEL','FERNÁNDEZ','COMPAÑ','1989-03-25','20259267Q','jfernandez@gmail.com'),(649,'11247362','ARANTXA','MESAS','SAEZ','1991-09-22','65903250Q','amesas@ono.com'),(650,'11247763','KATHERÍN MONSERRATH','MARTÍNEZ','FERNÁNDEZ','1982-10-03','12939490N','kmartinez@gmail.com'),(651,'11251355','SARA','MAESO','MOYA','1987-05-17','51263329D','smaeso@hotmail.es'),(652,'11254177','MARÍA MERCEDES','CANTOS','VELASQUEZ','1993-09-13','69735508Z','mcantos@outlock.com'),(653,'11254293','SONIA','CALABUIG',' ','1989-11-26','X0291330N','scalabuig@gmail.com'),(654,'11255331','ANA','FRECHINA','GALÁN','1982-03-12','77522222D','afrechina@ono.com'),(655,'11256958','ALBERTO','CEVALLOS','DELGADO','1995-02-23','25008009V','acevallosd@ono.com'),(656,'11261867','JENNIFER','SALINAS','MARIN','1994-11-27','56946884B','jsalinas@ono.com'),(657,'11262218','VICENTE','GÓMEZ','FERRER','1999-08-04','13756677D','vgomez@gmail.com'),(658,'11266070','ANNA','CARDENAS','GENOVÉS','1995-07-15','33670693G','acardenas@gmail.com'),(659,'11269700','ANA','AUCEJO','DOMENECH','1988-09-17','44173148S','aaucejod@gmail.com'),(660,'11271077','JOSE','MAS',' ','1980-06-26','35206383F','jmas@yahoo.es'),(661,'11272263','ROBERTO RICARDO','MANZOOR','FORTEA','1997-01-11','Y5015688T','rmanzoor@gmail.com'),(662,'11272388','ADRIAN','MARTÍNEZ','GÁLVEZ','1997-07-02','26293660Z','amartinezg@gmail.com'),(663,'11273443','MÓNICA','IBÁÑEZ','CARRIÓN','1990-02-20','X9168317B','mibanyez@gmail.com'),(664,'11277154','JORGE','GRAU','ASENSIO','1981-10-10','46540345Y','jgrau@hotmail.es'),(665,'11277931','CELIA','MEDINA','ARQUILLO','1986-06-22','Z9827969M','cmedina@gmail.com'),(666,'11284691','ROCÍO','LINARES','MARCO','1995-11-09','26625879K','rlinaresm@hotmail.com'),(667,'11286409','MARIO','GONZALES','HERRANZ','1981-02-17','42162123H','mgonzales@gmail.com'),(668,'11288621','NEUS','RODRÍGUEZ','LÁZARO','1996-04-03','75642494W','nrodriguezl@hotmail.es'),(669,'11288752','LAURA','BLASCO','DESCO','1980-09-16','60584206K','lblasco@hotmail.es'),(670,'11292666','LORENA','ALDEÁN','CAMPOS','1993-08-17','19600915Q','laldean@outlock.com'),(671,'11293544','DIANA','CIVERA ','RODRÍGUEZ','1986-07-18','56221467Z','dcivera@ono.com'),(672,'11293869','JAVIER','AIX','ACHIG','1992-12-17','56830487V','jaixa@ono.com'),(673,'11295805','MARÍA REYES','MUÑOZ','SORIANO','1991-02-26','16236625M','mmunyoz@hotmail.com'),(674,'11299305','MARTA','SUÁREZ','CHOUCIÑO','1989-10-28','21281658B','msuarezc@yahoo.es'),(675,'11300825','MARÍA ÁNGELES','BALLESTER','CUEVA','1989-08-05','54174805F','mballester@gmail.com'),(676,'11303169','LYUDMYLA','ARNAL',' ','1984-06-03','Y6990650K','larnal@gmail.com'),(677,'11307584','NARAE','PARRILLA','TADEO','1987-02-28','49088140E','nparrilla@hotmail.es'),(678,'11309313','ALESSANDRA','TORRECILLAS','ALCODORI','1981-06-29','38099147S','atorrecillas@ono.com'),(679,'11309727','PATRICIA','PARRAS','RODRÍGUEZ','1982-08-29','17370896P','pparrasr@hotmail.com'),(680,'11312017','GORKA','VALERA','PICAZO','1997-04-27','73018410B','gvalera@outlock.com'),(681,'11313029','VÍCTOR','SANZ','SAEZ','1984-12-28','14679719S','vsanzs@gmail.com'),(682,'11313711','NEREA','BRAVO','GARCIA','1999-01-03','64778699G','nbravo@gmail.com'),(683,'11315639','MARIA BEATRIZ','ENCINAS','MOLINA','1985-02-08','70925529S','mencinas@hotmail.com'),(684,'11317242','CAROLINA','GONZÁLEZ','GONZALEZ','1992-08-14','36253364M','cgonzalezg@ono.com'),(685,'11318727','VÍCTOR','BALADRÓN','GARCÍA','1985-07-07','11062131M','vbaladron@outlock.com'),(686,'11318945','MARÍA','MARTINEZ','PALACIOS','1982-05-15','X5597324K','mmartinezp@hotmail.es'),(687,'11320814','VANESSA','AVELLANEDA','GIL','1993-09-12','12476975G','vavellanedag@yahoo.es'),(688,'11321768','MARÍA MAR','BOUANANI','MARTÍNEZ','1997-05-24','39063736F','mbouanani@hotmail.es'),(689,'11322735','NICOLÁS','GIL','LÓPEZ','1990-10-13','10275514B','ngil@hotmail.com'),(690,'11328617','REBECA','CAÑIGRAL','HEREDIA','1988-01-25','76260082V','rcanyigral@gmail.com'),(691,'11330393','ALEJANDRO','JAVALOYAS','NOGUERA','1990-01-14','41277752C','ajavaloyas@hotmail.com'),(692,'11331860','BIANCA CLAUDIA','MARÍN','BARBERÁ','1999-08-13','51322012L','bmarinb@hotmail.com'),(693,'11332479','ENRIQUE MARIANO','JAVIER','MARTINEZ','1998-09-28','X0498378Z','ejavier@hotmail.es'),(694,'11333640','LAURA','CAMPAYO','CABALLERO','1987-07-05','55749824D','lcampayoc@outlock.com'),(695,'11334658','SUSANA','DOMÍNGUEZ','CÁRCEL','1994-07-02','41652877S','sdominguez@outlock.com'),(696,'11340485','LUIS','SÁNCHEZ','CARSI','1982-02-06','57285688W','lsanchez@outlock.com'),(697,'11346618','EMERZON RUBÉN','SANDOVAL','ASENSIO','1996-12-08','42492301P','esandovala@hotmail.com'),(698,'11347173','ELENA','UZUM','MORCILLO','1993-02-07','29329590J','euzum@hotmail.es'),(699,'11354911','ISABEL','GONZALES','NAVARRO','1989-09-05','75419202V','igonzales@gmail.com'),(700,'11356933','SERGI','SOUZA','ÁVILA','1990-02-07','Z6858366R','ssouza@ono.com'),(701,'11358851','ESTHER','BARDISA','FERNÁNDEZ','1986-09-05','X1396315P','ebardisa@ono.com'),(702,'11361156','JOSE','BONET','RODRIGO','1999-02-19','X1275504Q','jbonet@gmail.com'),(703,'11364273','ÁNGEL DARÍO','BOIX','PIQUERAS','1995-06-03','53535143K','?boix@yahoo.es'),(704,'11364313','MARÍA AMPARO','MEDINA','HABA','1999-09-08','67988463A','mmedina@gmail.com'),(705,'11365052','PATRICIA','RUIZ','BARBA','1982-07-29','54679545N','pruiz@hotmail.com'),(706,'11366005','NAWAL','MONTERDE','MURCIA','1999-01-24','X5361533A','nmonterde@gmail.com'),(707,'11368971','SAGRARIO ','MARTÍNEZ','ENCALADA','1990-11-15','60070816Z','smartineze@gmail.com'),(708,'11370334','IRENE','RODRIGO','GREGORIO','1999-04-12','30273316A','irodrigo@ono.com'),(709,'11370469','NIKOLAS','PANACH','PIQUERAS','1990-08-31','69748948E','npanach@yahoo.es'),(710,'11377059','PAULA','AHMAD','CORCOBADO','1982-01-10','60589488J','pahmad@yahoo.es'),(711,'11378618','ALBA','ROMAGUERA','SIMÓN','1985-01-29','14758372P','aromagueras@gmail.com'),(712,'11383125','JAUME','CUARTERO','CUEVA','1982-05-25','14128720G','jcuartero@hotmail.es'),(713,'11383692','LARA','RAMIREZ','MARTÍNEZ','1986-01-15','34467788B','lramirezm@hotmail.es'),(714,'11386538','MÓNICA','REINA','HEREDIA','1988-09-29','37361852P','mreina@gmail.com'),(715,'11388773','MARÍA AMPARO','MASHCHENKAU','MESTRE','1983-11-08','12174373J','mmashchenkau@yahoo.es'),(716,'11393188','KAROL STPHEFANIE','MATEO','SEGURA','1980-03-21','55856323H','kmateo@gmail.com'),(717,'11395092','ANDREA','RENOVELL','MONGE','1989-01-27','Z1483564T','arenovellm@hotmail.com'),(718,'11395825','SERGIO','JEMENAO','IGLESIAS','1989-04-30','53511364R','sjemenao@ono.com'),(719,'11399264','CHRISTIAN','VALERO','CABEZUELO','1994-09-05','Z9386125Z','cvalero@gmail.com'),(720,'11404236','ISMAEL','LLEDÓ','LOZANO','1988-05-13','35398120Q','illedo@gmail.com'),(721,'11408109','MARÍA DESAMPARADOS','MAS','RODRÍGUEZ','1997-07-17','68538945A','mmasr@hotmail.com'),(722,'11409721','JENNIFER','MUHAMMAD',' ','1982-05-07','41308417A','jmuhammad@ono.com'),(723,'11410252','JUAN CARLOS','TABERNER','PORTERO','1987-01-19','X1891792L','jtabernerp@gmail.com'),(724,'11413645','JOSSELYN MICAELA','PEREZ','GIMÉNEZ','1996-05-07','11449549B','jperezg@yahoo.es'),(725,'11415080','IVAN','GALISTEO','DÍAZ','1996-08-27','51187285A','igalisteod@hotmail.com'),(726,'11419596','ALEJANDRO','DACAL','LÓPEZ','1994-06-11','58856920N','adacal@gmail.com'),(727,'11419957','VÍCTOR','NAVARRO',' ','1992-06-14','49928014M','vnavarro@hotmail.es'),(728,'11424718','RAÚL GABRIEL','SOLER','MOLINA','1997-05-30','38225268G','rsoler@ono.com'),(729,'11430108','CARLOS ANTONIO','GARCIA','TORRES','1986-06-12','X2633509D','cgarciat@gmail.com'),(730,'11431943','SHEILA','PASSUY','MARTÍN','1992-08-10','45356259Y','spassuy@hotmail.com'),(731,'11436506','ANTONIO','CLEMENTE','MALPESA','1981-12-20','11278557R','aclemente@gmail.com'),(732,'11439338','MANAL','TARAZÓN','PARREÑO','1988-02-21','53402132L','mtarazonp@gmail.com'),(733,'11439519','MARIA ANDREA','VILLAMIL','RODRIGUEZ','1996-02-13','45476202G','mvillamil@hotmail.com'),(734,'11440349','CARLOS','GÓMEZ','TOLEDO','1996-05-14','33576229R','cgomez@ono.com'),(735,'11441195','GUILLERMO','RODRÍGUEZ','ALCARAZ','1984-07-31','27097921B','grodriguez@hotmail.com'),(736,'11441488','ESTER','VERDET','VALERA','1988-05-04','74209966Y','everdet@gmail.com'),(737,'11441989','KIMBERLI PATRICIA','MAURIZ','CARRETERO','1982-07-28','13443812J','kmaurizc@ono.com'),(738,'11442558','BEATRIZ','ROTARESCU','PEREDA','1980-06-06','40414607L','brotarescu@gmail.com'),(739,'11444616','CLAUDIA','PANTIGA','RUIZ','1982-03-19','X3739613C','cpantigar@gmail.com'),(740,'11444934','FRANCISCO JOSÉ','GARCÍA','MORGADO','1982-06-13','78842329P','fgarciam@outlock.com'),(741,'11445347','MARÍA ÁNGELES','DAOUMI','CARABANTES','1998-10-31','55054013V','mdaoumi@outlock.com'),(742,'11445441','SHEILA','PUMISACHO',' ','1987-06-11','21000224M','spumisacho@hotmail.com'),(743,'11446992','ANDREA','ATIENZA','AHMED','1989-05-11','42138950Y','aatienzaa@gmail.com'),(744,'11453415','RUBÉN','EXPÓSITO','GARRIDO','1989-08-21','38537758Q','rexpositog@gmail.com'),(745,'11454994','ANDREA','GARCIA','MARTINEZ','1995-04-23','70172901Q','agarcia@outlock.com'),(746,'11458085','LOURDES','CAÑADO','NAVARRO','1988-07-11','53979477H','lcanyado@yahoo.es'),(747,'11459285','MARÍA LUISA','DIAGO','CHIVA','1980-07-25','63250274K','mdiago@gmail.com'),(748,'11460156','JOSE LEANDRO','CATALÁN','BENEYTO','1991-03-07','68085243E','jcatalanb@outlock.com'),(749,'11460554','PAULA','FLETE','MEMBRIVES','1982-10-23','X4811687H','pflete@gmail.com'),(750,'11469235','RAFAEL','ZAFRA',' ','1997-12-12','36866144L','rzafra@ono.com'),(751,'11471737','KHRYSTYNA','ADELANTADO','GÓMEZ','1993-01-03','69860217V','kadelantadog@gmail.com'),(752,'11477106','ALEJANDRO','GASCÓN','GOMEZ','1986-02-25','49171475M','agascon@gmail.com'),(753,'11477899','EMILIO ALBERTO ','ASENCIO','SEGURA','1982-09-26','Y4261996H','easencios@gmail.com'),(754,'11482305','LAURA','MOGOLLON','ESTEBAN','1990-11-27','X7655534F','lmogollon@hotmail.es'),(755,'11484936','RUBÉN','GARCÍA','ROS','1989-11-17','30814084H','rgarciar@gmail.com'),(756,'11485873','CRISTINA','PIERA','ANDREU','1981-12-28','40199927K','cpiera@outlock.com'),(757,'11486605','PAU','ALONSO','CAMPOS','1992-12-21','21795493A','palonsoc@gmail.com'),(758,'11493480','DIANA','POP','ESCANDELL','1996-10-22','78393381C','dpop@gmail.com'),(759,'11495383','JORGE','MONZO','RUIZ','1986-01-09','58982327T','jmonzor@yahoo.es'),(760,'11495752','JUAN MIGUEL','TAMARIT','RODRÍGUEZ','1995-10-30','Y3240794Q','jtamaritr@outlock.com'),(761,'11496023','CRESCENCIANO','CODOÑER','CASTILLO','1985-07-15','69346186J','ccodonyerc@yahoo.es'),(762,'11498145','ISMAEL','FEMENIA','PRIETO','1986-06-22','42669925A','ifemenia@hotmail.com'),(763,'11498300','MERCEDES','LÓPEZ','FERNÁNDEZ','1996-01-29','27508660Q','mlopez@gmail.com'),(764,'11500715','NOELIA','POVEDA','ZARZOSO','1997-03-05','60131100S','npoveda@gmail.com'),(765,'11500742','GLORIA','ENCINAS','SANCHO','1993-08-21','30512126G','gencinas@ono.com'),(766,'11500925','KARINA','CUARTERO','AFONSO','1997-02-24','69755623G','kcuartero@gmail.com'),(767,'11502297','CAROLINA ELIZABETH','PÉREZ','CUEVA','1985-04-09','43871329W','cperez@gmail.com'),(768,'11503142','ANA ISABEL','MULLOR','MARÍN','1987-02-04','X0157909Z','amullor@hotmail.com'),(769,'11504028','MARÍA DE LA O','MARTÍNEZ','LLEONART','1985-11-28','17302100M','mmartinezl@hotmail.com'),(770,'11505465','ROSA MARÍA','CALATAYUD','LÓPEZ','1986-09-08','35796481V','rcalatayud@hotmail.com'),(771,'11508682','YESIKA','SÁNCHEZ','NAVARRO','1996-02-24','54249319R','ysanchez@gmail.com'),(772,'11509633','YAIZA','ECHAZU','SORIA','1992-04-23','55028970K','yechazus@outlock.com'),(773,'11510694','MARÍA ELENA','ARTECHE','ORERO','1999-05-23','77564829C','marteche@gmail.com'),(774,'11512565','ISMAEL','TRENCO','ROLDÁN','1990-12-08','16320687W','itrenco@gmail.com'),(775,'11513541','MARÍA CARMEN','BERMUDEZ','CUESTA','1992-06-29','64380672S','mbermudez@outlock.com'),(776,'11515348','JUAN ENRIQUE','MOLLÁ','ALMAZÁN','1996-07-21','14161909G','jmolla@yahoo.es'),(777,'11515817','ARANTXA','GUERRERO','GARCÍA','1986-08-30','X5647287M','aguerrerog@gmail.com'),(778,'11516291','JUAN MIGUEL','ROMERO','ROSELL','1985-04-06','19747015C','jromero@gmail.com'),(779,'11517560','NICOL','BLASCO','QUINTANILLA','1998-07-27','25735729V','nblasco@gmail.com'),(780,'11518967','ROSA MARÍA','ARIAS','PÉREZ','1990-06-20','60206240Z','rarias@gmail.com'),(781,'11520806','BEATRIZ','GARCÍA','CASAMA','1981-09-11','56818615J','bgarcia@gmail.com'),(782,'11521495','MARISOL','MOMPÓ','LÁZARO','1985-02-15','62049574J','mmompo@hotmail.com'),(783,'11522521','MARÍA','GONZALES','MONTÓN','1982-08-13','35171483K','mgonzales@gmail.com'),(784,'11523416','JORGE','DURÁN',' ','1983-06-01','75603128N','jduran @hotmail.es'),(785,'11525999','ANDREA','LORENZO',' ','1994-11-26','41099340L','alorenzo @ono.com'),(786,'11526951','VÍCTOR JOSÉ','SAIZ','MANZANO','1986-07-11','37331263D','vsaiz@gmail.com'),(787,'11531111','ALBA','GUASTAVINO','JIMENEZ','1997-05-03','39712345Q','aguastavino@gmail.com'),(788,'11534836','CECILIA','RIBAS','CRESPO','1990-01-17','X8629690K','cribas@yahoo.es'),(789,'11538335','NEREA','ALMENDROS','MARÍN','1990-10-18','70062835M','nalmendrosm@ono.com'),(790,'11542786','AURELIA MIHAELA','CLARÀ','HOYOS','1997-11-08','62831354T','aclara@hotmail.es'),(791,'11545383','ANA','PÉREZ','GRAU','1989-02-19','45477691K','aperez@hotmail.com'),(792,'11545457','ISMAEL','SANTOS','SAEZ','1991-03-19','73690109H','isantos@ono.com'),(793,'11545987','CÉSAR','MARÍN','TARAZONA','1995-07-12','31593692H','cmarin@ono.com'),(794,'11549018','LENUTA MINA','MARTÍN','TEJEDOR','1980-01-14','74873195F','lmartin@yahoo.es'),(795,'11550906','MANUEL','GUAITA','PÉREZ','1983-02-22','17217560J','mguaita@yahoo.es'),(796,'11553490','PABLO','ASENCIO','GIL','1983-05-30','28951134E','pasencio@gmail.com'),(797,'11555362','JOSÉ MIGUEL','GONZÁLEZ','TADEO','1996-10-20','59242787P','jgonzalez@gmail.com'),(798,'11558780','JUAN FELIPE','ZAPATA','COLOMER','1985-09-16','47978072A','jzapata@gmail.com'),(799,'11558806','GEMMA','RUEDA','MARTÍNEZ','1996-11-12','14583585K','grueda@gmail.com'),(800,'11562545','MARTA','CAÑADO',' ','1996-06-21','76321773E','mcanyado@outlock.com'),(801,'11565544','JENNIFER','MOLINA','CALATAYUD','1996-12-06','51332621W','jmolinac@hotmail.es'),(802,'11570328','JOAN FRANCESC','NAVARRO',' ','1993-09-29','48614189D','jnavarro@hotmail.es'),(803,'11570749','MARÍA','MESQUIDA','BALAGUER','1992-02-26','44285068V','mmesquidab@ono.com'),(804,'11572257','RAQUEL','NAVARRETE','VANACLOIG','1997-04-11','21781409H','rnavarrete@gmail.com'),(805,'11572457','NOELIA','CAMPAYO','SÁNCHEZ','1997-01-15','74234233P','ncampayos@ono.com'),(806,'11572630','ELISEI IACOB','PINCAY','BENITO','1983-12-04','29582030M','epincay@gmail.com'),(807,'11575767','ANA MARIA','BERNÁRDEZ','MIÑANA','1983-05-04','13411603G','abernardez@hotmail.com'),(808,'11577269','LIUDMILA','GUIJARRO','TORRES','1984-06-30','27346171E','lguijarro@gmail.com'),(809,'11577318','ISABEL','GONZÁLEZ','CAMARILLAS','1980-03-10','13866819G','igonzalez@gmail.com'),(810,'11579785','ANA MARIA','LEFLER','MORALES','1991-03-10','30704135D','aleflerm@yahoo.es'),(811,'11580595','MARÍA','REDONDO','MARTÍNEZ','1988-05-24','20015932K','mredondo@hotmail.com'),(812,'11580975','ANDREA','BULKA','VALERA','1997-02-21','28916849F','abulka@gmail.com'),(813,'11582941','ALEJANDRO','MÁÑEZ','BENITO','1988-10-22','47484113S','amanyezb@ono.com'),(814,'11586200','NOEMÍ','TABERNER','RODRIGO','1988-01-11','74081292V','ntabernerr@hotmail.com'),(815,'11587400','MANUEL CAMILO','ZHANG','BLASCO','1989-07-27','28699534L','mzhang@outlock.com'),(816,'11587774','MARINO','MATEO','MARTINEZ','1980-05-20','60303130M','mmateo@yahoo.es'),(817,'11588082','ANDRÉS CAMILO','BONANAD','LOPEZ','1995-11-30','76238820F','abonanad@gmail.com'),(818,'11589583','RAUL','DÍAZ','GARCÍA','1997-10-18','23310028B','rdiaz@gmail.com'),(819,'11590537','DOLORES MARGARITA','MONTAGUD','CERVERA','1986-05-22','X6182039F','dmontagudc@yahoo.es'),(820,'11590844','YAREMIS CLARA','PÉREZ','CHAUCA','1998-12-13','76230399G','yperez@gmail.com'),(821,'11591647','ERICK CHANY','MATA','CIVERA','1998-06-19','30630284B','emata@gmail.com'),(822,'11592986','LARA','MONTORO','VILLANUEVA','1999-01-07','67929945C','lmontoro@hotmail.com'),(823,'11593974','AINHOA','JUAN','CARLOS','1999-09-07','65976078A','ajuanc@hotmail.com'),(824,'11594271','ÓSCAR','ARIAS','NUEVALOS','1995-02-03','67354512R','?ariasn@yahoo.es'),(825,'11596572','MELISA','SANTIAGO','BUJALANCE','1982-10-19','63590952T','msantiago@outlock.com'),(826,'11597682','LUKEN','MONTORO','PLANELLS','1985-08-14','61687401K','lmontoro@ono.com'),(827,'11598565','MARTA','ORTIZ','PARREÑO','1997-06-24','X3671938B','mortizp@gmail.com'),(828,'11598795','MARTA','PÉREZ','JIMÉNEZ','1992-04-13','70503314B','mperez@ono.com'),(829,'11602021','FRANCISCO JOSE','CERVERA','GÓMEZ','1995-09-05','76016460B','fcervera@gmail.com'),(830,'11603509','RAÚL','ER RAOUY','MANRIQUE','1995-11-23','10497457G','rer raouy@gmail.com'),(831,'11603749','CLAUDIA ELIMAY','PASTOR',' ','1996-05-05','X3617160L','cpastor@gmail.com'),(832,'11603850','JOSÉ','DIKA','BONILLA','1995-08-28','31041987Z','jdika@ono.com'),(833,'11604508','MARIA ARACELI','REES','CORTES','1994-05-06','55029509P','mrees@hotmail.es'),(834,'11605007','JOSÉ','CORONEL','BLANES','1993-06-01','37481063X','jcoronel@hotmail.es'),(835,'11605353','MARÍA LUISA','MANZOOR','VERCHER','1996-12-07','74155845G','mmanzoor@gmail.com'),(836,'11605506','ROSA ANTONIA','TARANCON','CORDONES','1983-08-10','72212183A','rtarancon@yahoo.es'),(837,'11608057','JOSÉ MARIA','ECHAZU','VILLANUEVA','1990-12-07','X3337899R','jechazu@gmail.com'),(838,'11616174','SANAE','MAESO','BONILLA','1998-01-25','52155879K','smaesob@gmail.com'),(839,'11617034','NOELIA','RIBES','SERRANO','1984-11-15','77802406F','nribes@hotmail.es'),(840,'11619263','NARYMEN','ZARAGOZA','VELAIDES','1980-12-12','54614209L','nzaragoza@outlock.com'),(841,'11620316','ANA MARIA','SANCHEZ','CARBONELL','1986-05-08','60799197P','asanchezc@yahoo.es'),(842,'11625409','NICOLÁS','FORT','MADERA','1981-06-11','46992810S','nfort@hotmail.com'),(843,'11628324','MARÍA PILAR','CABRERA',' ','1996-12-07','34445432B','mcabrera@yahoo.es'),(844,'11629437','PAULA ISABEL','DOMINGUEZ','EXPÓSITO','1994-11-02','59005198D','pdominguez@hotmail.com'),(845,'11630495','MARIA FELIX','MARTÍN','NAVARRO','1997-01-07','71217015E','mmartin@outlock.com'),(846,'11632760','SAAD','SANCHEZ','MOSQUERA','1984-08-28','55790288Q','ssanchezm@hotmail.es'),(847,'11632919','SILVIA','GALLACH ','DOMÍNGUEZ','1992-10-11','43287687P','sgallachd@gmail.com'),(848,'11644373','ÁLVARO','GUASTAVINO','LOZANO','1986-11-20','59084820M','?guastavinol@hotmail.com'),(849,'11645839','EMILIO ALBERTO ','DAUDER','CERVERA','1997-06-13','59673826G','edauderc@outlock.com'),(850,'11645916','JAVIER','TORRES','PÉREZ','1984-08-22','X0006832R','jtorres@gmail.com'),(851,'11647383','MARÍA','RIBAS','FERNÁNDEZ','1996-03-19','34276276C','mribas@hotmail.es'),(852,'11647422','ADRIAN','BROSETA','COLAS','1993-12-16','75358299H','abrosetac@hotmail.com'),(853,'11652545','MARÍA ISABEL','CASAÑ','BOHOBA','1985-08-17','16543151X','mcasany@hotmail.com'),(854,'11657174','LILIANA CARMEN','MONTOLIU','CABELLO','1986-07-27','18193395G','lmontoliu@ono.com'),(855,'11658635','ALFONSO','VARGAS','ARTAL','1990-10-13','X6564146S','avargas@outlock.com'),(856,'11660739','DAVID','PUMAR','MARTINEZ','1993-06-04','29061242Y','dpumar@hotmail.com'),(857,'11662326','DAVID','ROCAFULL','BLASCO','1990-01-12','79653466G','drocafull@gmail.com'),(858,'11663772','JOSÉ ANTONIO','FERNÁNDEZ',' ','1994-10-31','29034674A','jfernandez@ono.com'),(859,'11664275','SANDRA','FERRER','HOYOS','1990-07-16','66072832L','sferrerh@ono.com'),(860,'11666365','ENRIQUE','YÁÑEZ','CANTADOR','1983-01-04','44105654A','eyanyezc@gmail.com'),(861,'11669807','DAVID','CABAÑES ','LÓPEZ','1992-08-09','75634072K','dcabanyes@gmail.com'),(862,'11670498','GÉNESIS JUDITH','HLIOUA','MOLERO','1982-12-21','25591833D','ghliouam@gmail.com'),(863,'11670761','MANUEL','CARRETERO','ALCARAZ','1996-11-22','47298390V','mcarretero@gmail.com'),(864,'11673626','JOAQUIN MANUEL','DOMINGO','GANDO','1997-06-28','28547322K','jdomingo@hotmail.es'),(865,'11674256','MERCEDES','ZHIVKOVA','ARIAS','1991-05-12','19149133T','mzhivkovaa@ono.com'),(866,'11677202','ANTONIO','GUIRADO','ALARCÓN','1989-08-04','13612744X','aguirado@hotmail.es'),(867,'11678491','JOSÉ','DELGADO','BOIX','1996-02-06','X2236620P','jdelgado@gmail.com'),(868,'11682895','PAULA','DEL OLMO','SALÓN','1989-11-15','25640115Z','pdel olmos@yahoo.es'),(869,'11682897','ANA MARIA','MARTÍ','BRICIO','1986-06-06','59373890B','amarti@gmail.com'),(870,'11685272','MARÍA JOSÉ','FASIE','TURBI','1983-04-14','X7522036R','mfasiet@gmail.com'),(871,'11686016','MARÍA AMPARO','AYLLON','SÁEZ','1990-08-24','29423614J','mayllon@hotmail.es'),(872,'11688301','DAVID','MUÑOZ','MARTÍNEZ','1991-09-23','32451266Z','dmunyoz@hotmail.com'),(873,'11691501','FÉLIX JOAQUÍN','NAVARRO','MOLTÓ','1989-12-18','53909986X','fnavarrom@gmail.com'),(874,'11692765','ANA PILAR','MARTIN','NAVARRO','1986-10-15','78274844W','amartin@hotmail.com'),(875,'11693901','ELSA','VALIENTE','BARBERÁ','1984-07-06','50515267E','evaliente@hotmail.com'),(876,'11700010','ROSA ISABEL','PORCAR','ROSALENY','1998-09-13','33541489Z','rporcar@gmail.com'),(877,'11707607','SANDI PAOLA','MATEO','LOZANO','1997-06-15','27925160D','smateo@yahoo.es'),(878,'11710706','ARAYIK','RUIZ ','CAMARILLAS','1986-05-09','53124031B','aruizc@hotmail.com'),(879,'11714139','EVA','TORRECILLAS','GARCIA','1986-01-26','67674957X','etorrecillas@hotmail.es'),(880,'11714323','MIRIAM ','VILA','JIMÉNEZ','1987-07-19','12754337D','mvila@gmail.com'),(881,'11715184','INEZ','AMORÓS','CORAL','1993-12-31','X3577624C','iamoros@ono.com'),(882,'11717758','ANTONIO','ORTIZ','BRISA','1993-04-09','70545347T','aortiz@hotmail.com'),(883,'11722297','MACARENA','FERRERO','DOMÍNGUEZ','1994-10-21','26138978F','mferrero@hotmail.com'),(884,'11724393','JUDIT','CABALLERO','MARTI','1985-01-16','52615053T','jcaballero@ono.com'),(885,'11725638','SONIA','RENOVELL','GARCÍA','1998-04-20','17193010G','srenovellg@yahoo.es'),(886,'11728361','SUSANA','VILLANUEVA','MONSALVE','1981-10-09','65544246L','svillanueva@gmail.com'),(887,'11730234','MARGIE NATHALIA','NAVARRO','VALERA','1988-01-13','69452603D','mnavarro@gmail.com'),(888,'11732976','MARIA ISABEL','ARCOS','ESONO','1998-09-23','17786484D','marcos@hotmail.com'),(889,'11735052','ANA VICTORIA','FERRANDO','REQUENA','1996-07-31','75457520V','aferrando@ono.com'),(890,'11737690','PEDRO JOSE','PASTOR','BEDMAR','1993-09-20','25437582L','ppastor@hotmail.es'),(891,'11740527','ANA MARIA','MARTINEZ','PUIG','1989-03-29','X5313559F','amartinez@gmail.com'),(892,'11740562','JOSÉ CARLOS','GIMÉNEZ','SÁNCHEZ','1985-11-14','26931090E','jgimenez@hotmail.es'),(893,'11741289','SELENE','QUINTANILLA','SÁNCHEZ','1992-10-25','39630313W','squintanillas@hotmail.com'),(894,'11741477','JULIO CESAR','LOGROÑO',' ','1982-05-22','69195136G','jlogronyo@gmail.com'),(895,'11747843','MAHAK','MUÑOZ','PÉREZ','1993-01-23','16193079K','mmunyoz@outlock.com'),(896,'11748167','SERGIO','POGHOSYAN','VALENCIA','1981-06-26','46644172B','spoghosyanv@yahoo.es'),(897,'11754348','MANUEL','DÍAZ','RODA','1997-02-15','19134327Y','mdiazr@hotmail.com'),(898,'11755363','RAMON','ARCOS','LÓPEZ','1989-06-15','15725305K','rarcos@gmail.com'),(899,'11756155','MARC','BELENGUER','GUERRERO','1991-05-28','33735058S','mbelenguer@ono.com'),(900,'11757525','BIENVENIDA','BENAVENT','SORIANO','1993-03-05','21730299Z','bbenavents@gmail.com'),(901,'11758450','EUGENIA','PÉREZ','VIDAL','1991-08-18','46175957F','eperez@gmail.com'),(902,'11761057','JUAN ANTONIO','MÉNDEZ','MARTÍNEZ','1980-03-29','68407970J','jmendezm@yahoo.es'),(903,'11762146','KAREM DENISSE','ÚBEDA',' ','1984-03-10','68307822F','kubeda@gmail.com'),(904,'11762735','INÉS','VILLAMIL','ROMERO','1997-02-14','15872068K','ivillamilr@gmail.com'),(905,'11764031','SILVIA','CAMPAYO','SOLECKE','1984-12-31','47023598Y','scampayo@ono.com'),(906,'11764771','EVELYN MIKAELA','SILLA','FERRER','1997-06-04','63326908L','esilla@gmail.com'),(907,'11765598','SERGIO','LORENTE','MARTÍNEZ','1981-06-03','24527782F','slorentem@hotmail.com'),(908,'11767793','NICOL','VALVERDE','PÉREZ','1990-11-22','31368289S','nvalverde@gmail.com'),(909,'11768441','ALEX','PUIG','FERRERES','1996-06-19','23666524F','apuig@hotmail.es'),(910,'11768475','HÉCTOR','CANO','MENA','1985-11-10','18349632W','hcano@gmail.com'),(911,'11777248','PAULA','ENGUIX','TORRES','1997-03-05','33095450Z','penguix@hotmail.com'),(912,'11778040','FRANCISCO','REDONDO','ALFARO','1993-03-16','34400464P','fredondo@hotmail.com'),(913,'11780189','NEREA','RUBIO','COCA','1983-05-17','64988362E','nrubio@gmail.com'),(914,'11781891','RALUCA IOANA','PELLICER','JIMÉNEZ','1992-09-17','19932956Y','rpellicer@outlock.com'),(915,'11782725','ANDREA','SANCHEZ','CALABUIG','1997-09-07','36139794D','asanchez@gmail.com'),(916,'11791343','SANDRA','FERMOSO','SÁNCHEZ','1999-10-27','15243717F','sfermosos@ono.com'),(917,'11791354','RICARDO','SÁNCHEZ',' ','1992-05-26','65688992A','rsanchez@hotmail.com'),(918,'11793510','ROBUSTIANO','AUGUSTO','MONTEAGUDO','1981-09-23','46055922D','raugusto@gmail.com'),(919,'11794180','DAVID','HERNÁNDEZ',' ','1981-04-25','X7330028C','dhernandez@hotmail.com'),(920,'11796439','EDUARD','QUIRÓS','RODA','1996-08-22','13864479X','equiros@hotmail.com'),(921,'11796863','JAVIER','VELARDE','IPUTE','1985-04-28','17557871Q','jvelardei@gmail.com'),(922,'11800292','KARLA','VICENTE','ALVAREZ','1987-02-17','11565843V','kvicente@gmail.com'),(923,'11801592','CARLOS','FUNES','GASSÓ','1989-06-27','51051940J','cfunesg@hotmail.com'),(924,'11802880','ANA BELÉN','MELADO','MARTINEZ','1983-08-19','25619278S','amelado@gmail.com'),(925,'11803769','CRISTIAN','ESCUDERO','NAVARRO','1985-11-03','60646844F','cescuderon@hotmail.com'),(926,'11805498','LORENA','COLINAS','BONILLA','1990-01-31','14390752C','lcolinasb@gmail.com'),(927,'11806319','ÁLVARO','PELLO','PEYRÓ','1992-07-12','33668116A','?pello@gmail.com'),(928,'11807126','ANIBAL ADOLFO','BUTT','BORRAS','1987-03-05','24548853X','abuttb@hotmail.com'),(929,'11808766','ALFONSO','ORTIZ','COLOMA','1982-02-08','X2019523P','aortizc@outlock.com'),(930,'11808874','TAMERA','MARTÍ','ASUMU','1985-06-08','15128321W','tmarti@gmail.com'),(931,'11809416','IVAN','EGIDO','FERRIOLS','1986-03-05','78922078Q','iegido@ono.com'),(932,'11814545','FRANCISCA','MARTINEZ','CISNEROS','1986-09-13','64978880Q','fmartinezc@gmail.com'),(933,'11826739','KRISTINA','SOMERA','URIOLA','1993-09-18','17309627B','ksomera@hotmail.com'),(934,'11829188','MARÍA','CORTINA','BENEDICTO','1988-12-15','62783042B','mcortinab@ono.com'),(935,'11837362','MERCEDES JOSELYN','MAS','TOMAS','1989-08-15','20130981R','mmas@ono.com'),(936,'11840151','JOSÉ','GOMAR','DÍAZ','1981-10-28','44551656N','jgomard@gmail.com'),(937,'11840168','RAQUEL INES','GASCÓN','CRESPO','1994-09-30','41500477J','rgascon@hotmail.com'),(938,'11842770','ANDREA','CASTELLAR','ESTELLES','1990-01-08','74968981K','acastellare@gmail.com'),(939,'11843800','ROSANA','SHUGULI','ALCARAZ','1999-09-25','X5130682A','rshuguli@yahoo.es'),(940,'11845065','JORGE MANUEL','LOSA','ROCA','1983-10-23','41653678B','jlosa@outlock.com'),(941,'11845429','KELLY KATIANA','MARCO','ROSADO','1982-07-25','16308851B','kmarcor@gmail.com'),(942,'11845990','VANESA','BROSETA','NAVARRO','1992-12-14','57680251T','vbrosetan@yahoo.es'),(943,'11850919','ANGELA TATIANA','KOVALENKO','BLÁZQUEZ','1986-05-19','38570415J','akovalenko@ono.com'),(944,'11855866','VITALY','AHMAD','GIL','1982-08-09','36542145K','vahmadg@hotmail.com'),(945,'11859921','JOSÉ MARIA','FARIÑAS','ROS','1983-01-08','57116342M','jfarinyas@gmail.com'),(946,'11862379','JÉSSICA','GIMÉNEZ','GRANELL','1984-03-20','74003139H','jgimenez@yahoo.es'),(947,'11864272','NOELIA','CLIMENT','CASES','1980-12-09','32913181C','ncliment@yahoo.es'),(948,'11866302','KEVIN','MINGUET','ENCISO','1995-12-22','11415619Y','kminguet@hotmail.com'),(949,'11867921','MARAH','CEBALLOS','CAPILLA','1987-10-06','76323468S','mceballos@hotmail.com'),(950,'11869539','DARRY GIULLIANO','GONZÁLEZ','LOPEZ','1987-03-03','44038782S','dgonzalezl@gmail.com'),(951,'11869606','KATHERINE IVONNE','FERNÁNDEZ','SIMÓ','1984-10-05','40509812G','kfernandezs@outlock.com'),(952,'11873781','JORGE','OLTRA','SAAVEDRA','1993-03-23','53166845E','joltra@hotmail.com'),(953,'11876781','ALMUDENA','TORRES','MORA','1997-05-17','13722457J','atorres@ono.com'),(954,'11885532','PATRICIA','TORRES','GUAYAQUIL','1984-11-13','40297464S','ptorres@gmail.com'),(955,'11890222','USMAN','TORNERO','VILLANUEVA','1998-05-11','18924600Q','utornero@hotmail.com'),(956,'11891784','FRANCISCO JOSÉ','EGIDO','HERNÁNDEZ','1998-01-14','13700521L','fegidoh@gmail.com'),(957,'11896958','LUIS','HANNA','BEDMAR','1981-07-04','58943655Z','lhanna@hotmail.es'),(958,'11897822','EUSEBIO','RUIZ','ROJAS','1983-07-21','X2055842X','eruiz@ono.com'),(959,'11899325','ENCARNACIÓN','ESPINOSA ','TOMÁS','1987-01-10','69275736N','eespinosa@ono.com'),(960,'11901213','ALBERTO','GARCÍA',' ','1995-11-23','69873548P','agarcia@ono.com'),(961,'11903187','YOLANDA','CASTRO','GIMENO','1995-10-19','31341125Z','ycastrog@hotmail.com'),(962,'11903819','SANDRA','SALINAS','BENEDICTO','1993-01-23','50382283R','ssalinas@ono.com'),(963,'11904911','NEREA','CUADRADO','MATEO','1981-10-28','21220095L','ncuadrado@gmail.com'),(964,'11905143','MARÍA','NAVARRO','LÓPEZ','1988-07-08','X7796313A','mnavarro@gmail.com'),(965,'11905961','MARÍA JOSÉ','CRESPÍN ','VERA','1996-12-10','77309704B','mcrespin@gmail.com'),(966,'11911074','RUBÉN','VILLETA','VERA','1986-06-10','69250985D','rvilletav@ono.com'),(967,'11911329','DOLORES MARGARITA','CAPLLIURE','MORENO','1993-07-21','28613410F','dcaplliurem@hotmail.com'),(968,'11912332','ZLATKA','JIMÉNEZ',' ','1988-10-07','77627991R','zjimenez @gmail.com'),(969,'11918033','SILVIA','GARCIA',' ','1988-02-22','78778094N','sgarcia@ono.com'),(970,'11921174','ENRIQUE JOSÉ','IGUAL','ERBALEJO','1995-07-16','X0262454R','eigual@gmail.com'),(971,'11921206','ISABEL','PACA','SEGURA','1991-12-29','65734783R','ipaca@hotmail.com'),(972,'11927793','ABRAHAM','JIMÉNEZ','SEREÑO','1992-11-24','27676164B','ajimenez@gmail.com'),(973,'11930057','KRISTINA','LLEDÓ','ALARCON','1989-10-08','12814235S','klledo@gmail.com'),(974,'11932578','CLAUDIA','PONS','VALLS','1992-12-03','73741352V','cponsv@gmail.com'),(975,'11932934','ANTONIO','JARAMILLO','HERNÁNDEZ','1984-11-05','63486809R','ajaramilloh@gmail.com'),(976,'11934439','ANA ROSARIO','JARAMILLO','AROCA','1995-10-15','70701191L','ajaramillo@outlock.com'),(977,'11942383','MARIA BEATRIZ','VIVÓ','PÉREZ','1996-03-20','71838918M','mvivo@gmail.com'),(978,'11943393','GEMMA','GÓMEZ','GARCÍA','1986-03-28','43066432J','ggomez@gmail.com'),(979,'11943665','PABLO','PIERA','JIMÉNEZ','1998-09-24','71592239R','ppieraj@gmail.com'),(980,'11946322','CATALINA','AGUILELLA','BORRAS','1995-01-09','64574886V','caguilellab@hotmail.com'),(981,'11947547','DAVID','GARCÍA','LLOP','1986-12-04','56052546M','dgarcia@hotmail.es'),(982,'11949888','MARTA','FERMOSO',' ','1989-09-07','18443316F','mfermoso@hotmail.es'),(983,'11959139','JOSÉ VICENTE','VILLEGAS','GÓMEZ','1995-03-07','55943456G','jvillegas@gmail.com'),(984,'11959854','MAR NSANG','GIMÉNEZ','ALMAZÁN','1999-07-12','61884911F','mgimenez@ono.com'),(985,'11965324','BLANCA MARÍA','MEJÍAS','HERREIZ','1998-11-18','51475280S','bmejiash@gmail.com'),(986,'11967981','INMACULADA CONCEPCIÓN','JUAN','QUINTANILLA','1996-05-21','26811633G','ijuanq@hotmail.com'),(987,'11968203','MARINA','VEGAS','MUÑOZ','1994-10-22','55739157Z','mvegas@gmail.com'),(988,'11971598','CRISTINA','TARÍN',' ','1990-05-11','X6247778N','ctarin@hotmail.com'),(989,'11973637','CLARA MARÍA AMPARO','MARCO','MALDONADO','1986-06-14','11039868Y','cmarco@hotmail.com'),(990,'11974346','ROSELI','CALATAYUD','FERRANDO','1988-02-24','21328761X','rcalatayudf@gmail.com'),(991,'11976809','TERESA','SANZ','BENACHES','1987-05-24','57639375H','tsanz@hotmail.com'),(992,'11979227','SUSANA','PUIG',' ','1988-12-23','75404058F','spuig@gmail.com'),(993,'11981738','SARA','MONZO','MOLINA','1999-12-31','X1246558G','smonzom@gmail.com'),(994,'11983366','LUCÍA','CENTENO','ZAMORA','1990-10-26','Y7708632N','lcenteno@hotmail.com'),(995,'11984967','GABRIEL','TABERNER','RODRÍGUEZ','1995-01-16','56027625Q','gtaberner@hotmail.es'),(996,'11988694','IOAN STEFAN','PRATS','FECHTALI','1989-12-02','26692887F','iprats@outlock.com'),(997,'11990095','MARTA SOFÍA','MAESO','IBAÑEZ','1982-07-26','34931187Y','mmaesoi@outlock.com'),(998,'11991642','LIDIA','SÁNCHEZ','MARTÍNEZ','1988-11-26','29494230L','lsanchez@gmail.com'),(999,'11994396','ANA MARIA','BILBATÚA','DEL HORNO','1986-07-27','25545857X','abilbatua@hotmail.com'),(1000,'11998220','MARIA JOSE','SERRANO','HERNÁNDEZ','1998-07-15','40694968X','mserrano@gmail.com');
/*!40000 ALTER TABLE `alumnos` ENABLE KEYS */;
UNLOCK TABLES;

--
-- Table structure for table `contenidos`
--

DROP TABLE IF EXISTS `contenidos`;
/*!40101 SET @saved_cs_client     = @@character_set_client */;
/*!40101 SET character_set_client = utf8 */;
CREATE TABLE `contenidos` (
  `id` int(11) NOT NULL AUTO_INCREMENT,
  `curso` varchar(11) CHARACTER SET latin1 DEFAULT NULL,
  `codigo` varchar(8) COLLATE utf8_spanish_ci NOT NULL,
  `nombre_cas` varchar(80) COLLATE utf8_spanish_ci NOT NULL,
  `nombre_val` varchar(80) COLLATE utf8_spanish_ci NOT NULL,
  PRIMARY KEY (`id`),
  KEY `curso` (`curso`),
  CONSTRAINT `contenidos_ibfk_1` FOREIGN KEY (`curso`) REFERENCES `cursos` (`codigo`) ON DELETE CASCADE ON UPDATE CASCADE
) ENGINE=InnoDB AUTO_INCREMENT=311 DEFAULT CHARSET=utf8 COLLATE=utf8_spanish_ci;
/*!40101 SET character_set_client = @saved_cs_client */;

--
-- Dumping data for table `contenidos`
--

LOCK TABLES `contenidos` WRITE;
/*!40000 ALTER TABLE `contenidos` DISABLE KEYS */;
INSERT INTO `contenidos` VALUES (1,'1198495988','018601','Formación en Centros de Trabajo','Formació en Centres de Treball'),(2,'1198495988','TU02CF','Tutoría Segundo','Tutoria Segon'),(3,'1198496030','017601','Formación en Centros de Trabajo','Formació en Centres de Treball'),(4,'1198496030','TU02CF','Tutoría Segundo','Tutoria Segon'),(5,'1198496044','0822','Sistema de información de mercados','Sistema d\'informació de mercats'),(6,'1198496044','0823','Marketing internacional','Màrqueting internacional'),(7,'1198496044','0824','Negociación internacional','Negociació internacional'),(8,'1198496044','0825','Financiación internacional','Finançament internacional'),(9,'1198496044','0826','Medios de pago internacionales','Mitjans de pagament internacionals'),(10,'1198496044','0827','Comercio digital internacional','Comerç digital internacional'),(11,'1198496044','0828','Proyecto de comercio internacional','Projecte de comerç internacional'),(12,'1198496044','0830','Formación en Centros de Trabajo','Formació en Centres de Treball'),(13,'1198496044','CV0004','Inglés Técnico II-S','Anglés Tècnic II-S / Horari reservat per a la docència en anglés'),(14,'1198496044','TU02CF','Tutoría Segundo','Tutoria Segon'),(15,'1198496051','0179','Inglés','Anglés'),(16,'1198496051','0622','Transporte internacional de mercancías','Transport internacional de mercaderies'),(17,'1198496051','0623','Gestión económica y financiera de la empresa','Gestió econòmica i financera de l\'empresa'),(18,'1198496051','0625','Logística de almacenamiento','Logística d\'emmagatzematge'),(19,'1198496051','0627','Gestión administrativa del comercio internacional','Gestió administrativa del comerç internacional'),(20,'1198496051','0829','Formación y orientación laboral.','Formació i orientació laboral'),(21,'1198496051','CV0003','Inglés Técnico I-S','Inglés Técnico I-S / Horario reservado para la docencia en inglés'),(22,'1198496051','TU01CF','Tutoría Primero','Tutoria Primer'),(23,'1198496065','0625','Logística de almacenamiento','Logística d\'emmagatzematge'),(24,'1198496065','0626','Logística de aprovisionamiento','Logística d\'aprovisionament'),(25,'1198496065','0926','Escaparatismo y diseño de espacios comerciales','Aparadorisme i disseny d\'espais comercials'),(26,'1198496065','0927','Gestión de productos y promociones en el punto de venta','Gestió de productes i promocions en el punt de venda'),(27,'1198496065','0928','Organización de equipos de ventas','Organització d\'equips de vendes'),(28,'1198496065','0929','Técnicas de venta y negociación','Tècniques de venda i negociació'),(29,'1198496065','0932','Proyecto de gestión de ventas y espacios comerciales','Projecte de gestió de vendes i espais comercials'),(30,'1198496065','0934','Formación en centros de trabajo','Formació en centres de treball'),(31,'1198496065','CV0004','Inglés Técnico II-S','Anglés Tècnic II-S / Horari reservat per a la docència en anglés'),(32,'1198496065','TU02CF','Tutoría Segundo','Tutoria Segon'),(33,'1198496072','0179','Inglés','Anglés'),(34,'1198496072','0623','Gestión económica y financiera de la empresa','Gestió econòmica i financera de l\'empresa'),(35,'1198496072','0930','Políticas de marketing','Polítiques de màrqueting'),(36,'1198496072','0931','Marketing digital','Màrqueting digital'),(37,'1198496072','0933','Formación y orientación laboral','Formació i orientació laboral'),(38,'1198496072','1010','Investigación comercial','Investigació comercial'),(39,'1198496072','CV0003','Inglés Técnico I-S','Inglés Técnico I-S / Horario reservado para la docencia en inglés'),(40,'1198496072','TU01CF','Tutoría Primero','Tutoria Primer'),(41,'1198496135','0156','Inglés','Anglés'),(42,'1198496135','1226','Marketing en la actividad comercial','Màrqueting en l\'activitat comercial'),(43,'1198496135','1229','Gestión de compras','Gestió de compres'),(44,'1198496135','1231','Dinamización del punto de venta','Dinamització del punt de venda'),(45,'1198496135','1232','Procesos de venta','Processos de venda'),(46,'1198496135','1233','Aplicaciones informáticas para el comercio','Aplicacions informàtiques per al comerç'),(47,'1198496135','1236','Formación y orientación laboral','Formació i orientació laboral'),(48,'1198496135','CV0001','Inglés Técnico I-M','Anglés Tècnic I-M / Horari reservat per a la docència en anglés'),(49,'1198496135','TU01CF','Tutoría Primero','Tutoria Primer'),(50,'1198496142','1227','Gestión de un pequeño comercio','Gestió d\'un xicotet comerç'),(51,'1198496142','1228','Técnicas de almacén','Tècniques de magatzem'),(52,'1198496142','1230','Venta técnica','Venda tècnica'),(53,'1198496142','1234','Servicios de atención comercial','Servicis d\'atenció comercial'),(54,'1198496142','1235','Comercio electrónico','Comerç electrònic'),(55,'1198496142','1237','Formación en centros de trabajo','Formació en centres de treball'),(56,'1198496142','CV0002','Inglés Técnico II-M','Anglés Tècnic II-M / Horari reservat per a la docència en anglés'),(57,'1198496142','TU02CF','Tutoría Segundo','Tutoria Segon'),(58,'1198496163','016601','Formación en Centros de Trabajo','Formació en Centres de Treball'),(59,'1198496163','TU02CF','Tutoría Segundo','Tutoria Segon'),(60,'1198496226','028001','Formación y orientación laboral','Formació i orientació laboral'),(61,'1198496226','028100','Relaciones en el equipo de trabajo','Relacions en l\'equip de treball'),(62,'1198496226','028501','Operaciones administrativas y documentación sanitaria','Operacions administratives i documentació sanitària'),(63,'1198496226','028502','Técnicas básicas de enfermería','Tècniques bàsiques d\'infermeria'),(64,'1198496226','028503','Higiene del medio hospitalario y limpieza de material','Higiene del medi hospitalari i neteja de material'),(65,'1198496226','028504','Promoción de la salud y apoyo psicológico al paciente','Promoció de la salut i suport psicològic al pacient'),(66,'1198496226','028505','Técnicas de ayuda odontológica/estomatológica','Tècniques d\'ajuda odontològica/estomatològica'),(67,'1198496226','TU01CF','Tutoría Primero','Tutoria Primer'),(68,'1198496233','028601','Formación en Centros de Trabajo','Formació en Centres de Treball'),(69,'1198496233','TU02CF','Tutoría Segundo','Tutoria Segon'),(70,'1198496296','0061','Anatomofisiología y patología básicas','Anatomofisiologia i patologia bàsiques'),(71,'1198496296','0099','Disposición y venta de productos','Disposició i venda de productes'),(72,'1198496296','0102','Dispensación de productos parafarm.','Dispensació de productes parafarmac'),(73,'1198496296','0103','Operaciones básicas de laboratorio','Operacions bàsiques de laboratori'),(74,'1198496296','0105','Promoción de la salud','Promoció de la salut'),(75,'1198496296','0106','Formación y orientación laboral','Formació i orientació laboral'),(76,'1198496296','CV0001','Inglés Técnico I-M','Anglés Tècnic I-M / Horari reservat per a la docència en anglés'),(77,'1198496296','TU01CF','Tutoría Primero','Tutoria Primer'),(78,'1198496303','0020','Primeros auxilios','Primers auxilis'),(79,'1198496303','0100','Oficina de farmacia','Oficina de farmàcia'),(80,'1198496303','0101','Dispensación de productos farmaceút','Dispensació de productes farmacèut.'),(81,'1198496303','0104','Formulación magistral','Formulació magistral'),(82,'1198496303','0107','Empresa e iniciativa emprendedora','Empresa i iniciativa emprenedora'),(83,'1198496303','0108','Formación en Centros de Trabajo','Formació en Centres de Treball'),(84,'1198496303','CV0002','Inglés Técnico II-M','Anglés Tècnic II-M / Horari reservat per a la docència en anglés'),(85,'1198496303','TU02CF','Tutoría Segundo','Tutoria Segon'),(86,'1198496331','1367','Gestión de muestras biológicas','Gestió de mostres biològiques'),(87,'1198496331','1368','Técnicas generales de laboratorio','Tècniques generals de laboratori'),(88,'1198496331','1369','Biología molecular y citogenética','Biologia molecular i citogenètica'),(89,'1198496331','1370','Fisiopatología general','Fisiopatologia general'),(90,'1198496331','1376','Formación y orientación laboral','Formació i orientació laboral'),(91,'1198496331','CV0003','Inglés Técnico I-S','Inglés Técnico I-S / Horario reservado para la docencia en inglés'),(92,'1198496331','TU01CF','Tutoría Primero','Tutoria Primer'),(93,'1198496373','0649','Ofimática y proceso de la información','Ofimàtica i procés de la informació'),(94,'1198496373','1515','Gestión de pacientes','Gestió de pacients'),(95,'1198496373','1516','Terminología clínica y patología','Terminologia clínica i patologia'),(96,'1198496373','1517','Extracción de diagnósticos y procedimientos','Extracció de diagnòstics i procediments'),(97,'1198496373','1518','Archivo y documentación sanitarios','Arxiu i documentació sanitaris'),(98,'1198496373','1519','Sistemas de información y clasificación sanitarios','Sistemes d¿informació i classificació sanitaris'),(99,'1198496373','1525','Formación y orientación laboral','Formació i orientació laboral'),(100,'1198496373','CV0003','Inglés Técnico I-S','Inglés Técnico I-S / Horario reservado para la docencia en inglés'),(101,'1198496373','TU01CF','Tutoría Primero','Tutoria Primer'),(102,'1198496429','073185','Prevención bucodental','Prevenció bucodental'),(103,'1198496429','073200','Vigilancia epidemiológica bucodent.','Vigilància epidemiològica bucodent.'),(104,'1198496429','073221','Organización y gestión del área ','Organització i gestió de l\'àrea '),(105,'1198496429','073602','Formación y orientación laboral','Formació i orientació laboral'),(106,'1198496429','073701','Exploración bucodental','Exploració bucodental'),(107,'1198496429','073706','Educación sanitaria y promoción ','Educació sanitària i promoció'),(108,'1198496429','TU01CF','Tutoría Primero','Tutoria Primer'),(109,'1198496436','073601','Formación en Centros de Trabajo','Formació en Centres de Treball'),(110,'1198496436','TU02CF','Tutoría Segundo','Tutoria Segon'),(111,'1198496457','041520','Organización y gestión del área','Organització i gestió de l\'àrea '),(112,'1198496457','041521','Recogida, preparación y conservació','Recollida, preparació i conservació'),(113,'1198496457','041522','Fundamentos de análisis hematológic','Fonaments d\'anàlisi hematològics'),(114,'1198496457','041602','Formación y orientación laboral','Formació i orientació laboral'),(115,'1198496457','TU01CF','Tutoría Primero','Tutoria Primer'),(116,'1198496464','041523','Fundamentos de análisis bioquímicos','Fonaments d\'anàlisi bioquímics'),(117,'1198496464','041524','Fundamentos de análisis microb.','Fonaments d\'anàlisi microbiol.'),(118,'1198496464','041601','Formación en Centros de Trabajo','Formació en Centres de Treball'),(119,'1198496464','TU02CF','Tutoría Segundo','Tutoria Segon'),(120,'1198496499','077603','Diseñar ortesis, ortoprotesis ','Dissenyar ortesis, ortopròtesis'),(121,'1198496499','077604','Elaborar productos ortoprotésicos ','Elaborar productes ortoprotèsics '),(122,'1198496499','077605','Fundamentos de tecnología indust.','Fonaments de tecnologia industrial'),(123,'1198496499','077606','Fisiopatología aplicada a la elab.','Fisiopatologia aplicada a l\'elabor.'),(124,'1198496499','TU01CF','Tutoría Primero','Tutoria Primer'),(125,'1198496506','077100','Relaciones en el entorno de trabajo','Relacions en l\'entorn de treball'),(126,'1198496506','077601','Formación en Centros de Trabajo','Formació en Centres de Treball'),(127,'1198496506','077602','Formación y orientación laboral','Formació i orientació laboral'),(128,'1198496506','077607','Administración y gestión gabinete','Administració i gestió gabinet'),(129,'1198496506','077608','Definición de procesos y programac.','Definició de processos i programac.'),(130,'1198496506','077609','Adaptación de productos ortoprot.','Adaptació de productes ortoprotèsic'),(131,'1198496506','TU02CF','Tutoría Segundo','Tutoria Segon'),(132,'1198496541','070601','Formación en Centros de Trabajo','Formació en Centres de Treball'),(133,'1198496541','TU02CF','Tutoría Segundo','Tutoria Segon'),(134,'1198496548','070100','Relaciones en el entorno de trabajo','Relacions en l´entorn de treball'),(135,'1198496548','070154','Codificación de datos clínicos y no','Codificació de dades clíniques i no'),(136,'1198496548','070162','Definición y tratamiento de docum.','Definició i tractament de document.'),(137,'1198496548','070179','Organización de archivos clínicos','Organització d´arxius clínics'),(138,'1198496548','070235','Validación y explotación de bases','Validació i explotació de les bases'),(139,'1198496548','070254','Aplicaciones informáticas generales','Aplicacions informàtiques generals'),(140,'1198496548','070602','Formación y orientación laboral','Formació i orientació laboral'),(141,'1198496548','TU01CF','Tutoría Primero','Tutoria Primer'),(142,'1198496562','056604','Organización y gestión del área ','Organització i gestió de l\'àrea '),(143,'1198496562','056701','Fundamentos y técnicas de explorac.','Fonaments i tècniques d\'exploració '),(144,'1198496562','056702','Fundamentos y técnicas digitaliz.','Fonaments i tècniques digitalitzac.'),(145,'1198496562','056703','Anatomía radiológica','Anatomia radiològica'),(146,'1198496562','056704','Procesado y tratamiento de imagen','Processament i tractament imatge'),(147,'1198496562','TU01CF','Tutoría Primero','Tutoria Primer'),(148,'1198496569','056001','Formación y orientación laboral','Formació i orientació laboral'),(149,'1198496569','056601','Formación en Centros de Trabajo','Formació en Centres de Treball'),(150,'1198496569','056705','Fundamentos y técnicas m. nuclear','Fonaments i tècniques m. nuclear'),(151,'1198496569','056706','Protección radiológica','Protecció radiològica'),(152,'1198496569','TU02CF','Tutoría Segundo','Tutoria Segon'),(153,'1198496632','226561','Organización y gestión del área ','Organització i gestió de l\'àrea '),(154,'1198496632','226562','Atención técnico sanitaria ','Atenció tècnic sanitària al pacient'),(155,'1198496632','226563','Fundamentos y técnicas teleterapia','Fonaments i tècniques teleteràpia'),(156,'1198496632','226564','Fundamentos y técnicas braquiterap.','Fonaments i tècniques braquiteràpia'),(157,'1198496632','226602','Formación y orientación laboral','Formació i orientació laboral'),(158,'1198496632','226706','Protección radiológica','Protecció radiològica'),(159,'1198496632','TU01CF','Tutoría Primero','Tutoria Primer'),(160,'1198496639','226601','Formación en Centros de Trabajo','Formació en Centres de Treball'),(161,'1198496639','TU02CF','Tutoría Segundo','Tutoria Segon'),(162,'1198496653','0857','Restauraciones y estructuras metálicas en prótesis fija','Restauracions i estructures metàl·liques en pròtesi fixa'),(163,'1198496653','0859','Restauraciones y recubrimientos estéticos','Restauracions i recobriments estètics'),(164,'1198496653','0860','Prótesis sobre implantes','Pròtesi sobre implants'),(165,'1198496653','0861','Proyecto de prótesis dentales','Projecte de pròtesis dentals'),(166,'1198496653','0863','Empresa e iniciativa emprendedora.','Empresa i iniciativa emprenedora.'),(167,'1198496653','0864','Formación en Centros de Trabajo','Formació en Centres de Treball'),(168,'1198496653','CV0004','Inglés Técnico II-S','Anglés Tècnic II-S / Horari reservat per a la docència en anglés'),(169,'1198496653','TU02CF','Tutoría Segundo','Tutoria Segon'),(170,'1198496660','0821','Laboratorio de prótesis dentales','Laboratori de pròtesis dentals'),(171,'1198496660','0854','Diseño funcional de prótesis','Disseny funcional de pròtesi'),(172,'1198496660','0855','Prótesis completas','Pròtesis completes'),(173,'1198496660','0856','Aparatos de ortodoncia y férulas oclusales','Aparells d\'ortodòncia i fèrules oclusals'),(174,'1198496660','0858','Prótesis parciales removibles metálicas, de resina y mixta.','Pròtesis parcials removibles metàl·liques, de resina i mixta.'),(175,'1198496660','0862','Formación y orientación laboral.','Formació i orientació laboral.'),(176,'1198496660','CV0003','Inglés Técnico I-S','Inglés Técnico I-S / Horario reservado para la docencia en inglés'),(177,'1198496660','TU01CF','Tutoría Primero','Tutoria Primer'),(178,'1198496681','1345','Atención al paciente','Atenció al pacient'),(179,'1198496681','1346','Fundamentos físicos y equipos','Fonaments físics i equips'),(180,'1198496681','1347','Anatomía por la imagen','Anatomia per la imatge'),(181,'1198496681','1348','Protección radiológica','Protecció radiològica'),(182,'1198496681','1356','Formación y orientación laboral','Formació i orientació laboral'),(183,'1198496681','CV0003','Inglés Técnico I-S','Inglés Técnico I-S / Horario reservado para la docencia en inglés'),(184,'1198496681','TU01CF','Tutoría Primero','Tutoria Primer'),(185,'1198496695','0061','Anatomofisiología y patología básicas','Anatomofisiologia i patologia bàsiques'),(186,'1198496695','0325','TECNOLOGÍA INDUSTRIAL APLICADA A LA ACTIVIDAD ORTOPROTÉSICA','TECNOLOGIA INDUSTRIAL APLICADA A L\'ACTIVITAT ORTOPROTÈSICA'),(187,'1198496695','0326','DISEÑO Y MOLDEADO ANATÓMICO','DISSENY I MODELAT ANATÒMIC'),(188,'1198496695','0328','ELABORACIÓN Y ADAPTACIÓN DE PRODUCTOS ORTÉSICOS A MEDIDA','ELABORACIÓ I ADAPTACIÓ DE PRODUCTES ORTÈSICS A MIDA'),(189,'1198496695','0331','BIOMECÁNICA Y PATOLOGÍA APLICADA','BIOMECÀNICA I PATOLOGIA APLICADA'),(190,'1198496695','0334','FORMACIÓN Y ORIENTACIÓN LABORAL','FORMACIÓ I ORIENTACIÓ LABORAL'),(191,'1198496695','CV0003','Inglés Técnico I-S','Inglés Técnico I-S / Horario reservado para la docencia en inglés'),(192,'1198496695','TU01CF','Tutoría Primero','Tutoria Primer'),(193,'1198496716','1345','Atención al paciente','Atenció al pacient'),(194,'1198496716','1346','Fundamentos físicos y equipos','Fonaments físics i equips'),(195,'1198496716','1347','Anatomía por la imagen','Anatomia per la imatge'),(196,'1198496716','1348','Protección radiológica','Protecció radiològica'),(197,'1198496716','1364','Formación y orientación laboral','Formació i orientació laboral'),(198,'1198496716','CV0003','Inglés Técnico I-S','Inglés Técnico I-S / Horario reservado para la docencia en inglés'),(199,'1198496716','TU01CF','Tutoría Primero','Tutoria Primer'),(200,'1198496744','0730','Recepción y logística en la clínica dental','Recepció i logística en la clínica dental'),(201,'1198496744','0731','Estudio de la cavidad oral','Estudi de la cavitat oral'),(202,'1198496744','0732','Exploración de la cavidad oral','Exploració de la cavitat oral'),(203,'1198496744','0733','Intervención bucodental','Intervenció bucodental'),(204,'1198496744','0739','Formación y orientación laboral','Formació i orientació laboral'),(205,'1198496744','1370','Fisiopatología general','Fisiopatologia general'),(206,'1198496744','CV0003','Inglés Técnico I-S','Inglés Técnico I-S / Horario reservado para la docencia en inglés'),(207,'1198496744','TU01CF','Tutoría Primero','Tutoria Primer'),(208,'1198497669','0156','Inglés','Anglés'),(209,'1198497669','0437','Comunicación empresarial y atención al cliente','Comunicació empresarial i atenció al client'),(210,'1198497669','0438','Operaciones administrativa de compra-venta','Operacions administrativa de compra-venda'),(211,'1198497669','0439','Empresa y administración','Empresa i administració'),(212,'1198497669','0440','Tratamiento informático de la información ','Tractament informàtic de la informació '),(213,'1198497669','0441','Técnica contable','Tècnica comptable'),(214,'1198497669','0449','Formación y orientación laboral','Formació i orientació laboral'),(215,'1198497669','CV0001','Inglés Técnico I-M','Anglés Tècnic I-M / Horari reservat per a la docència en anglés'),(216,'1198497669','TU01CF','Tutoría Primero','Tutoria Primer'),(217,'1198497676','0442','Operaciones administrativas de recursos humanos','Operacions administratives de recursos humans'),(218,'1198497676','0443','Tratamiento de la documentación contable','Tractament de la documentació comptable'),(219,'1198497676','0446','Empresa en el aula','Empresa en l\'aula'),(220,'1198497676','0448','Operaciones auxiliares de gestión de tesorería','Operacions auxiliars de gestió de tresoreria'),(221,'1198497676','0451','Formación en centros de trabajo','Formació en centres de treball'),(222,'1198497676','CV0002','Inglés Técnico II-M','Anglés Tècnic II-M / Horari reservat per a la docència en anglés'),(223,'1198497676','TU02CF','Tutoría Segundo','Tutoria Segon'),(224,'1198497732','0179','Inglés','Anglés'),(225,'1198497732','0647','Gestión de la documentación jurídica y empresarial','Gestió de la documentació jurídica i empresarial'),(226,'1198497732','0648','Recursos humanos y responsabilidad social corporativa','Recursos humans i responsabilitat social corporativa '),(227,'1198497732','0649','Ofimática y proceso de la información','Ofimàtica i procés de la informació'),(228,'1198497732','0650','Proceso integral de la actividad comercial','Procés integral de l\'activitat comercial'),(229,'1198497732','0651','Comunicación y atención al cliente','Comunicació i atenció al client'),(230,'1198497732','0665','Formación y orientación laboral','Formació i orientació laboral'),(231,'1198497732','CV0003','Inglés Técnico I-S','Inglés Técnico I-S / Horario reservado para la docencia en inglés'),(232,'1198497732','TU01CF','Tutoría Primero','Tutoria Primer'),(233,'1198497739','0180','Segunda lengua extranjera','Segona Llengua estrangera'),(234,'1198497739','0661','Protocolo empresarial','Protocol empresarial'),(235,'1198497739','0662','Organización de eventos empresariales','Organització d\'esdeveniments empresarials'),(236,'1198497739','0663','Gestión avanzada de la información','Gestió avançada de la informació'),(237,'1198497739','0664','Proyecto de asistencia a la dirección','Projecte d\'assistència a la direcció'),(238,'1198497739','0667','Formación en centros de trabajo','Formació en centres de treball'),(239,'1198497739','CV0004','Inglés Técnico II-S','Anglés Tècnic II-S / Horari reservat per a la docència en anglés'),(240,'1198497739','TU02CF','Tutoría Segundo','Tutoria Segon'),(241,'1198497753','0652','Gestión de recursos humanos','Gestió de recursos humans'),(242,'1198497753','0653','Gestión financiera','Gestió financera '),(243,'1198497753','0654','Contabilidad y fiscalidad','Comptabilitat i fiscalitat'),(244,'1198497753','0655','Gestión logística y comercial','Gestió logística i comercial'),(245,'1198497753','0656','Simulación empresarial','Simulació empresarial'),(246,'1198497753','0657','Proyecto de Administración y Finanzas','Projecte d\'Administració i finances'),(247,'1198497753','0660','Formación en Centros de Trabajo','Formació en Centres de Treball'),(248,'1198497753','CV0004','Inglés Técnico II-S','Anglés Tècnic II-S / Horari reservat per a la docència en anglés'),(249,'1198497753','TU02CF','Tutoría Segundo','Tutoria Segon'),(250,'1198497760','0179','Inglés','Anglés'),(251,'1198497760','0647','Gestión de la documentación jurídica y empresarial','Gestió de la documentació jurídica i empresarial'),(252,'1198497760','0648','Recursos humanos y responsabilidad social corporativa','Recursos humans i responsabilitat social corporativa '),(253,'1198497760','0649','Ofimática y proceso de la información','Ofimàtica i procés de la informació'),(254,'1198497760','0650','Proceso integral de la actividad comercial','Procés integral de l\'activitat comercial'),(255,'1198497760','0651','Comunicación y atención al cliente','Comunicació i atenció al client'),(256,'1198497760','0658','Formación y orientación laboral','Formació i orientació laboral'),(257,'1198497760','CV0003','Inglés Técnico I-S','Inglés Técnico I-S / Horario reservado para la docencia en inglés'),(258,'1198497760','TU01CF','Tutoría Primero','Tutoria Primer'),(259,'1198497788','011601','Formación en Centros de Trabajo','Formació en Centres de Treball'),(260,'1198497788','TU02CF','Tutoría Segundo','Tutoria Segon'),(261,'1198498341','0221','Montaje y mantenimiento de equipos','Muntatge i manteniment d\'equips'),(262,'1198498341','0222','Sistemas operativos monopuesto','Sistemes operatius monolloc'),(263,'1198498341','0223','Aplicaciones ofimáticas','Aplicacions ofimàtiques'),(264,'1198498341','0225','Redes locales','Xarxes locals'),(265,'1198498341','0229','Formación y orientación laboral','Formació i orientació laboral'),(266,'1198498341','CV0001','Inglés Técnico I-M','Anglés Tècnic I-M / Horari reservat per a la docència en anglés'),(267,'1198498341','TU01CF','Tutoría Primero','Tutoria Primer'),(268,'1198498348','0224','Sistemas operativos en red','Sistemes operatius en xarxa'),(269,'1198498348','0226','Seguridad informática','Seguretat informàtica'),(270,'1198498348','0227','Servicios en red','Servicis en xarxa'),(271,'1198498348','0228','Aplicaciones web','Aplicacions web'),(272,'1198498348','0230','Empresa e iniciativa emprendedora','Empresa i iniciativa emprenedora'),(273,'1198498348','0231','Formación en Centros de Trabajo','Formació en Centres de Treball'),(274,'1198498348','CV0002','Inglés Técnico II-M','Anglés Tècnic II-M / Horari reservat per a la docència en anglés'),(275,'1198498348','TU02CF','Tutoría Segundo','Tutoria Segon'),(276,'1198498369','0612','Desarrollo WEB en entorno cliente','Desenrotllament WEB en entorn client'),(277,'1198498369','0613','Desarrollo WEB en entorno servidor','Desenrotllament WEB en entorn servidor'),(278,'1198498369','0614','Despliegue de aplicaciones WEB','Desplegament d\'aplicacions WEB'),(279,'1198498369','0615','Diseño de interfaces WEB','Disseny d\'interfícies WEB'),(280,'1198498369','0616','Proyecto de desarrollo de aplicaciones WEB','Projecte de desenrotllament d\'aplicacions WEB'),(281,'1198498369','0618','Empresa e iniciativa emprendedora','Empresa i iniciativa emprenedora'),(282,'1198498369','0619','Formación en centros de trabajo','Formació en centres de treball'),(283,'1198498369','CV0004','Inglés Técnico II-S','Anglés Tècnic II-S / Horari reservat per a la docència en anglés'),(284,'1198498369','TU02CF','Tutoría Segundo','Tutoria Segon'),(285,'1198498376','0373','Lenguajes de marcas y sistemas de gestión de información','Llenguatges de marques i sistemes de gestió d\'informació'),(286,'1198498376','0483','Sistemas informáticos','Sistemes informàtics'),(287,'1198498376','0484','Bases de Datos','Bases de Dades'),(288,'1198498376','0485','Programación','Programació'),(289,'1198498376','0487','Entornos de desarrollo','Entorns de desenrotllament'),(290,'1198498376','0617','Formación y orientación laboral','Formació i orientació laboral'),(291,'1198498376','CV0003','Inglés Técnico I-S','Inglés Técnico I-S / Horario reservado para la docencia en inglés'),(292,'1198498376','TU01CF','Tutoría Primero','Tutoria Primer'),(293,'1198498475','0369','Implantación de Sistemas Operativos','Implantació de Sistemes Operatius'),(294,'1198498475','0370','Planificación y Administración de Redes','Planificació i Administració de Xarxes'),(295,'1198498475','0371','Fundamentos de Hardware','Fonaments de Maquinari'),(296,'1198498475','0372','Gestión de Bases de Datos','Gestió de Bases de Dades'),(297,'1198498475','0373','Lenguajes de marcas y sistemas de gestión de información','Llenguatges de marques i sistemes de gestió d\'informació'),(298,'1198498475','0380','Formación y orientación laboral','Formació i orientació laboral'),(299,'1198498475','CV0003','Inglés Técnico I-S','Inglés Técnico I-S / Horario reservado para la docencia en inglés'),(300,'1198498475','TU01CF','Tutoría Primero','Tutoria Primer'),(301,'1198498482','0374','Administración de Sistemas Operativos','Administració de Sistemes Operatius'),(302,'1198498482','0375','Servicios de Red e Internet','Servicis de Xarxa i Internet'),(303,'1198498482','0376','Implantación de Aplicaciones Web','Implantació d\'Aplicacions Web'),(304,'1198498482','0377','Administración de Sistemas Gestores de Bases de Datos','Administració de Sistemes Gestors de Bases de Dades'),(305,'1198498482','0378','Seguridad y Alta Disponibilidad','Seguretat i Alta Disponibilitat'),(306,'1198498482','0379','Proyecto de Administración de Sistemas Informáticos en Red','Projecte d\'administració de sistemes informàtics en xarxa'),(307,'1198498482','0381','Empresa e Iniciativa emprendedora','Empresa i Iniciativa emprenedora'),(308,'1198498482','0382','Formación en Centros de Trabajo','Formació en Centres de Treball'),(309,'1198498482','CV0004','Inglés Técnico II-S','Anglés Tècnic II-S / Horari reservat per a la docència en anglés'),(310,'1198498482','TU02CF','Tutoría Segundo','Tutoria Segon');
/*!40000 ALTER TABLE `contenidos` ENABLE KEYS */;
UNLOCK TABLES;

--
-- Table structure for table `cursos`
--

DROP TABLE IF EXISTS `cursos`;
/*!40101 SET @saved_cs_client     = @@character_set_client */;
/*!40101 SET character_set_client = utf8 */;
CREATE TABLE `cursos` (
  `codigo` varchar(11) NOT NULL,
  `abreviatura` varchar(6) NOT NULL,
  `nombre_cas` varchar(60) CHARACTER SET utf8 COLLATE utf8_spanish_ci NOT NULL,
  `nombre_val` varchar(60) CHARACTER SET utf8 COLLATE utf8_spanish_ci NOT NULL,
  `padre` varchar(11) DEFAULT NULL,
  PRIMARY KEY (`codigo`),
  KEY `padre` (`padre`),
  CONSTRAINT `cursos_ibfk_1` FOREIGN KEY (`padre`) REFERENCES `cursos` (`codigo`)
) ENGINE=InnoDB DEFAULT CHARSET=latin1;
/*!40101 SET character_set_client = @saved_cs_client */;

--
-- Dumping data for table `cursos`
--

LOCK TABLES `cursos` WRITE;
/*!40000 ALTER TABLE `cursos` DISABLE KEYS */;
INSERT INTO `cursos` VALUES ('1198495926','020','COMERCIO Y MARKETING','COMERÇ I MÀRQUETING',NULL),('1198495956','GS','GRADO SUPERIOR','GRAU SUPERIOR','1198495926'),('1198495979','450064','GESTIÓN COMERCIAL Y MÁRKETING','GESTIÓ COMERCIAL I MÀRQUETING','1198495956'),('1198495988','2CFS','Segundo','Segon','1198495979'),('1198496021','452064','SERVICIOS AL CONSUMIDOR','SERVICIS AL CONSUMIDOR','1198495956'),('1198496030','2CFS','Segundo','Segon','1198496021'),('1198496042','449104','COMERCIO INTERNACIONAL (LOE)','COMERÇ INTERNACIONAL (LOE)','1198495956'),('1198496044','2CFS','Segundo','Segon','1198496042'),('1198496051','1CFS','Primero','Primer','1198496042'),('1198496063','899104','GESTIÓN DE VENTAS Y ESPACIOS COMERCIALES','GESTIÓ DE VENDES I ESPAIS COMERCIALS','1198495956'),('1198496065','2CFS','Segundo','Segon','1198496063'),('1198496072','1CFS','Primero','Primer','1198496063'),('1198496131','GM','GRADO MEDIO','GRAU MITJÀ','1198495926'),('1198496133','925103','ACTIVIDADES COMERCIALES','ACTIVITATS COMERCIALS','1198496131'),('1198496135','1CFM','Primero','Primer','1198496133'),('1198496142','2CFM','Segundo','Segon','1198496133'),('1198496154','422063','COMERCIO','COMERÇ','1198496131'),('1198496163','2CFM','Segundo','Segon','1198496154'),('1198496220','061','SANIDAD','SANITAT',NULL),('1198496222','GM','GRADO MEDIO','GRAU MITJÀ','1198496220'),('1198496224','372063','CUIDADOS AUXILIARES DE ENFERMERÍA','CURES AUXILIARS D\'INFERMERIA','1198496222'),('1198496226','1CFM','Primero','Primer','1198496224'),('1198496233','2CFM','Segundo','Segon','1198496224'),('1198496294','710103','FARMACIA Y PARAFARMACIA','FARMÀCIA I PARAFARMÀCIA','1198496222'),('1198496296','1CFM','Primero','Primer','1198496294'),('1198496303','2CFM','Segundo','Segon','1198496294'),('1198496320','GS','GRADO SUPERIOR','GRAU SUPERIOR','1198496220'),('1198496322','977104','LABORATORIO CLÍNICO Y BIOMÉDICO','LABORATORI CLÍNIC I BIOMÈDIC ','1198496320'),('1198496331','1CFS','Primero','Primer','1198496322'),('1198496364','975104','DOCUMENTACIÓN Y ADMINISTRACIÓN SANITARIAS','DOCUMENTACIÓ I ADMINISTRACIÓ SANITÀRIES','1198496320'),('1198496373','1CFS','Primero','Primer','1198496364'),('1198496427','481064','HIGIENE BUCODENTAL','HIGIENE BUCODENTAL','1198496320'),('1198496429','1CFS','Primero','Primer','1198496427'),('1198496436','2CFS','Segundo','Segon','1198496427'),('1198496448','482064','LABORATORIO DE DIAGNOSTICO CLÍNICO','LABORATORI DE DIAGNÒSTIC CLÍNIC','1198496320'),('1198496457','1CFS','Primero','Primer','1198496448'),('1198496464','2CFS','Segundo','Segon','1198496448'),('1198496497','484064','ORTOPROTÉSICA','ORTOPROTÈSICA','1198496320'),('1198496499','1CFS','Primero','Primer','1198496497'),('1198496506','2CFS','Segundo','Segon','1198496497'),('1198496539','485064','DOCUMENTACIÓN SANITARIA','DOCUMENTACIÓ SANITÀRIA','1198496320'),('1198496541','2CFS','Segundo','Segon','1198496539'),('1198496548','1CFS','Primero','Primer','1198496539'),('1198496560','486064','IMAGEN PARA EL DIAGNÓSTICO','IMATGE PER AL DIAGNÒSTIC','1198496320'),('1198496562','1CFS','Primero','Primer','1198496560'),('1198496569','2CFS','Segundo','Segon','1198496560'),('1198496630','296064','RADIOTERAPIA','RADIOTERÀPIA','1198496320'),('1198496632','1CFS','Primero','Primer','1198496630'),('1198496639','2CFS','Segundo','Segon','1198496630'),('1198496651','483104','PRÓTESIS DENTALES (LOE)','PRÒTESI DENTALS (LOE)','1198496320'),('1198496653','2CFS','Segundo','Segon','1198496651'),('1198496660','1CFS','Primero','Primer','1198496651'),('1198496672','976104','IMAGEN PARA EL DIAGNÓSTICO Y MEDICINA NUCLEAR','IMATGE PER AL DIAGNÒSTIC I MEDICINA NUCLEAR','1198496320'),('1198496681','1CFS','Primero','Primer','1198496672'),('1198496693','950104','ORTOPRÓTESIS Y PRODUCTOS DE APOYO','ORTOPRÒTESI I PRODUCTES DE SUPORT ','1198496320'),('1198496695','1CFS','Primero','Primer','1198496693'),('1198496714','978104','RADIOTERAPIA Y DOSIMETRÍA','RADIOTERÀPIA I DOSIMETRIA','1198496320'),('1198496716','1CFS','Primero','Primer','1198496714'),('1198496735','481104','HIGIENE BUCODENTAL','HIGIENE BUCODENTAL','1198496320'),('1198496744','1CFS','Primero','Primer','1198496735'),('1198497607','001','ADMINISTRACIÓN Y GESTIÓN','ADMINISTRACIÓ I GESTIÓ',NULL),('1198497637','GM','GRADO MEDIO','GRAU MITJÀ','1198497607'),('1198497667','472103','GESTIÓN ADMINISTRATIVA (LOE)','GESTIÓ ADMINISTRATIVA (LOE)','1198497637'),('1198497669','1CFM','Primero','Primer','1198497667'),('1198497676','2CFM','Segundo','Segon','1198497667'),('1198497700','GS','GRADO SUPERIOR','GRAU SUPERIOR','1198497607'),('1198497730','906104','ASISTENCIA A LA DIRECCIÓN','ASSISTÈNCIA A LA DIRECCIÓ','1198497700'),('1198497732','1CFS','Primero','Primer','1198497730'),('1198497739','2CFS','Segundo','Segon','1198497730'),('1198497751','441104','ADMINISTRACIÓN Y FINANZAS (LOE)','ADMINISTRACIÓ I FINANCES (LOE)','1198497700'),('1198497753','2CFS','Segundo','Segon','1198497751'),('1198497760','1CFS','Primero','Primer','1198497751'),('1198497779','312064','SECRETARIADO','SECRETARIAT','1198497700'),('1198497788','2CFS','Segundo','Segon','1198497779'),('1198498265','190','INFORMÁTICA Y COMUNICACIONES','INFORMÀTICA I COMUNICACIONS',NULL),('1198498316','GM','GRADO MEDIO','GRAU MITJÀ','1198498265'),('1198498339','707103','SISTEMAS MICROINFORMÁTICOS Y REDES','SISTEMES MICROINFORMÀTICS I XARXES','1198498316'),('1198498341','1CFM','Primero','Primer','1198498339'),('1198498348','2CFM','Segundo','Segon','1198498339'),('1198498365','GS','GRADO SUPERIOR','GRAU SUPERIOR','1198498265'),('1198498367','845104','DESARROLLO DE APLICACIONES WEB','DESENROTLLAMENT D\'APLICACIONS WEB','1198498365'),('1198498369','2CFS','Segundo','Segon','1198498367'),('1198498376','1CFS','Primero','Primer','1198498367'),('1198498466','829104','ADMINISTRACIÓN DE SISTEMAS INFORMÁTICOS EN RED','ADMINISTRACIÓ DE SISTEMES INFORMÀTICS EN XARXA','1198498365'),('1198498475','1CFS','Primero','Primer','1198498466'),('1198498482','2CFS','Segundo','Segon','1198498466');
/*!40000 ALTER TABLE `cursos` ENABLE KEYS */;
UNLOCK TABLES;

--
-- Table structure for table `cursos_grupos`
--

DROP TABLE IF EXISTS `cursos_grupos`;
/*!40101 SET @saved_cs_client     = @@character_set_client */;
/*!40101 SET character_set_client = utf8 */;
CREATE TABLE `cursos_grupos` (
  `curso` varchar(11) NOT NULL,
  `id_grupo` int(11) NOT NULL,
  PRIMARY KEY (`curso`,`id_grupo`),
  KEY `curso` (`curso`),
  KEY `id_grupo` (`id_grupo`),
  CONSTRAINT `cursos_grupos_ibfk_2` FOREIGN KEY (`id_grupo`) REFERENCES `grupos` (`id`),
  CONSTRAINT `cursos_grupos_ibfk_3` FOREIGN KEY (`curso`) REFERENCES `cursos` (`codigo`)
) ENGINE=InnoDB DEFAULT CHARSET=latin1;
/*!40101 SET character_set_client = @saved_cs_client */;

--
-- Dumping data for table `cursos_grupos`
--

LOCK TABLES `cursos_grupos` WRITE;
/*!40000 ALTER TABLE `cursos_grupos` DISABLE KEYS */;
INSERT INTO `cursos_grupos` VALUES ('1198495988',57),('1198496044',47),('1198496051',18),('1198496065',43),('1198496072',16),('1198496135',1),('1198496135',3),('1198496142',28),('1198496142',30),('1198496226',4),('1198496226',5),('1198496226',8),('1198496233',31),('1198496233',32),('1198496233',35),('1198496233',36),('1198496296',2),('1198496296',6),('1198496303',29),('1198496303',33),('1198496331',20),('1198496373',13),('1198496436',44),('1198496436',45),('1198496464',46),('1198496506',48),('1198496506',49),('1198496541',40),('1198496569',39),('1198496569',42),('1198496639',41),('1198496653',52),('1198496653',53),('1198496660',23),('1198496660',24),('1198496681',12),('1198496681',15),('1198496695',21),('1198496695',22),('1198496716',14),('1198496744',17),('1198496744',19),('1198497669',7),('1198497676',34),('1198497732',25),('1198497739',50),('1198497753',55),('1198497753',56),('1198497760',11),('1198498341',9),('1198498341',10),('1198498348',37),('1198498348',38),('1198498369',54),('1198498376',27),('1198498475',26),('1198498482',51);
/*!40000 ALTER TABLE `cursos_grupos` ENABLE KEYS */;
UNLOCK TABLES;

--
-- Table structure for table `evaluacion`
--

DROP TABLE IF EXISTS `evaluacion`;
/*!40101 SET @saved_cs_client     = @@character_set_client */;
/*!40101 SET character_set_client = utf8 */;
CREATE TABLE `evaluacion` (
  `id` int(11) NOT NULL AUTO_INCREMENT,
  `id_alumno` int(11) NOT NULL,
  `id_contenido` int(11) NOT NULL,
  `num_evaluacion` int(11) NOT NULL,
  `nota` int(11) NOT NULL,
  PRIMARY KEY (`id`),
  KEY `id_alumno` (`id_alumno`),
  KEY `id_contenido` (`id_contenido`),
  CONSTRAINT `evaluacion_ibfk_1` FOREIGN KEY (`id_alumno`) REFERENCES `alumnos` (`id`),
  CONSTRAINT `evaluacion_ibfk_2` FOREIGN KEY (`id_contenido`) REFERENCES `contenidos` (`id`)
) ENGINE=InnoDB AUTO_INCREMENT=49 DEFAULT CHARSET=utf8mb4 COLLATE=utf8mb4_spanish_ci;
/*!40101 SET character_set_client = @saved_cs_client */;

--
-- Dumping data for table `evaluacion`
--

LOCK TABLES `evaluacion` WRITE;
/*!40000 ALTER TABLE `evaluacion` DISABLE KEYS */;
INSERT INTO `evaluacion` VALUES (46,342,301,1,1),(47,342,305,2,5),(48,342,301,2,2);
/*!40000 ALTER TABLE `evaluacion` ENABLE KEYS */;
UNLOCK TABLES;

--
-- Temporary table structure for view `grupo_plus`
--

DROP TABLE IF EXISTS `grupo_plus`;
/*!50001 DROP VIEW IF EXISTS `grupo_plus`*/;
SET @saved_cs_client     = @@character_set_client;
SET character_set_client = utf8;
/*!50001 CREATE TABLE `grupo_plus` (
  `id` tinyint NOT NULL,
  `codigo` tinyint NOT NULL,
  `curso` tinyint NOT NULL,
  `ciclo` tinyint NOT NULL,
  `grado` tinyint NOT NULL,
  `familia` tinyint NOT NULL,
  `grado_abrev` tinyint NOT NULL,
  `curso_ordinal` tinyint NOT NULL,
  `nombre_largo` tinyint NOT NULL
) ENGINE=MyISAM */;
SET character_set_client = @saved_cs_client;

--
-- Table structure for table `grupos`
--

DROP TABLE IF EXISTS `grupos`;
/*!40101 SET @saved_cs_client     = @@character_set_client */;
/*!40101 SET character_set_client = utf8 */;
CREATE TABLE `grupos` (
  `id` int(11) NOT NULL AUTO_INCREMENT,
  `anyo` int(11) NOT NULL,
  `codigo` char(5) NOT NULL,
  `nombre` varchar(50) CHARACTER SET utf8 COLLATE utf8_spanish_ci NOT NULL,
  `linea` int(11) NOT NULL,
  PRIMARY KEY (`id`),
  UNIQUE KEY `anyo` (`anyo`,`codigo`)
) ENGINE=InnoDB AUTO_INCREMENT=58 DEFAULT CHARSET=latin1;
/*!40101 SET character_set_client = @saved_cs_client */;

--
-- Dumping data for table `grupos`
--

LOCK TABLES `grupos` WRITE;
/*!40000 ALTER TABLE `grupos` DISABLE KEYS */;
INSERT INTO `grupos` VALUES (1,2016,'1CFMA','1º D ACTIVIDADES COMERCIALES',3),(2,2016,'1CFMB','1º T FARMACIA Y PARAFARMACIA ',3),(3,2016,'1CFMC','1º ACTIVIDADES COMERCIALES',3),(4,2016,'1CFMD','1º D CUID AUX ENFERMERÍA (D)',3),(5,2016,'1CFME','1º CUIDADOS AUX. ENFERMERÍA(M)',3),(6,2016,'1CFMF','1º M FARMACIA Y PARAFARMACIA',3),(7,2016,'1CFMG','1º GESTIÓN ADMINISTRATIVA',3),(8,2016,'1CFMJ','1º CUIDADOS AUX. ENFERMERÍA(T)',3),(9,2016,'1CFMR','1º SIS. MICROINFOR Y REDES',3),(10,2016,'1CFMS','1º D SIS. MICROINFOR Y REDES',3),(11,2016,'1CFSA','1º M ADMINISTRACIÓN Y FINANZAS',3),(12,2016,'1CFSC','1º M IMAGEN DIAG. Y MED. NUC.',3),(13,2016,'1CFSD','1º DOCUME. Y ADMINIS SANITARIA',3),(14,2016,'1CFSE','1º RADIOTERAPIA Y DOSIMETRÍA',3),(15,2016,'1CFSF','1º T IMAGEN DIAG. Y MED. NUC.',3),(16,2016,'1CFSG','1º GESTIÓN VENTAS-ACT. COMER.',3),(17,2016,'1CFSH','1º C HIGIENE BUCODENTAL CLIN.',3),(18,2016,'1CFSI','1º COMERCIO INTERNACIONAL',3),(19,2016,'1CFSJ','1º P HIGIENE BUCODENTAL PESET',3),(20,2016,'1CFSL','1º LAB. CLÍNICO Y BIOMÉDICO',3),(21,2016,'1CFSM','1º D ORTOPROTÉSICA Y P. APOYO',3),(22,2016,'1CFSO','1º ORTOPROTÉSICA y P. APOYO',3),(23,2016,'1CFSP','1º PROTESIS DENTALES (M)',3),(24,2016,'1CFSQ','1º PROTESIS DENTALES (T)',3),(25,2016,'1CFSR','1º ASISTENCIA A LA DIRECCIÓN',3),(26,2016,'1CFSS','1º AD. SIST. INFORMATICOS RED',3),(27,2016,'1CFSX','1º DESARROLLO APLICACIONES WEB',3),(28,2016,'2CFMA','2º DI ACTIVIDADES COMERCIALES',3),(29,2016,'2CFMB','2º  T FARMACIA Y PARAFARMACIA',3),(30,2016,'2CFMC','2º ACTIVIDADES COMERCIALES',3),(31,2016,'2CFMD','2º DA CUID AUX ENFERMERÍA (D)',3),(32,2016,'2CFME','2º CUIDADOS AUX ENFERMERÍA (M)',3),(33,2016,'2CFMF','2º M FARMACIA Y PARAFARMACIA',3),(34,2016,'2CFMG','2º GESTIÓN ADMINISTRATIVA',3),(35,2016,'2CFMH','2º DB CUID AUX ENFERMERÍA (D)',3),(36,2016,'2CFMJ','2º CUIDADOS AUX ENFERMERÍA (T)',3),(37,2016,'2CFMR','2º SIST. MICROINFOR Y REDES',3),(38,2016,'2CFMS','2º D SIS. MICROINFOR Y REDES',3),(39,2016,'2CFSC','2º M IMAGEN DIAGNOSTICO',3),(40,2016,'2CFSD','2º DOCUMENTACIÓN SANITARIA',3),(41,2016,'2CFSE','2º RADIOTERAPIA',3),(42,2016,'2CFSF','2º T IMAGEN DIAGNOSTICO ',3),(43,2016,'2CFSG','2º GESTIÓN DE VENTAS Y ESP. CO',3),(44,2016,'2CFSH','2º C HIGIENE BUCODENTAL CLIN.',3),(45,2016,'2CFSJ','2º  P HIGIENE BUCODENTAL PESET',3),(46,2016,'2CFSL','2º LAB. DIAGNÓSTICO CLINICO',3),(47,2016,'2CFSN','2º COMERCIO INTERNACIONAL',3),(48,2016,'2CFSO','2º ORTOPROTÉSICA',3),(49,2016,'2CFSP','2º D ORTOPROTÉSICA',3),(50,2016,'2CFSR','2º ASISTENCIA A LA DIRECCIÓN',3),(51,2016,'2CFSS','2º AD. SIS. INFORMATICOS Y RED',3),(52,2016,'2CFSU','2º PROTESIS DENTAL (M) ',3),(53,2016,'2CFSV','2º PROTESIS DENTAL (T)',3),(54,2016,'2CFSX','2º DESARROLLO APLICACIONES WEB',3),(55,2016,'2CFSY','2º ADMINISTRAC. Y FINANZAS (M)',3),(56,2016,'2CFSZ','2º ADMINISTRAC. Y FINANZAS (T)',3),(57,2016,'2CFS_','2º GEST. COMERCIAL Y MARK. (L)',3);
/*!40000 ALTER TABLE `grupos` ENABLE KEYS */;
UNLOCK TABLES;

--
-- Table structure for table `matricula`
--

DROP TABLE IF EXISTS `matricula`;
/*!40101 SET @saved_cs_client     = @@character_set_client */;
/*!40101 SET character_set_client = utf8 */;
CREATE TABLE `matricula` (
  `NIA` varchar(10) COLLATE utf8_spanish_ci NOT NULL,
  `id_grupo` int(11) NOT NULL,
  PRIMARY KEY (`NIA`),
  KEY `NIA` (`NIA`),
  KEY `id_grupo` (`id_grupo`),
  CONSTRAINT `matricula_ibfk_1` FOREIGN KEY (`id_grupo`) REFERENCES `grupos` (`id`) ON DELETE CASCADE ON UPDATE CASCADE,
  CONSTRAINT `matricula_ibfk_2` FOREIGN KEY (`NIA`) REFERENCES `alumnos` (`NIA`) ON DELETE CASCADE ON UPDATE CASCADE
) ENGINE=InnoDB DEFAULT CHARSET=utf8 COLLATE=utf8_spanish_ci;
/*!40101 SET character_set_client = @saved_cs_client */;

--
-- Dumping data for table `matricula`
--

LOCK TABLES `matricula` WRITE;
/*!40000 ALTER TABLE `matricula` DISABLE KEYS */;
INSERT INTO `matricula` VALUES ('10029829',1),('10094508',1),('10325800',1),('10648390',1),('10693413',1),('10702539',1),('10778550',1),('10839076',1),('10847920',1),('10880876',1),('11006430',1),('11100503',1),('11108900',1),('11309313',1),('11430108',1),('11728361',1),('11869606',1),('10129800',2),('10352474',2),('10570545',2),('10602127',2),('10643956',2),('10674857',2),('10806639',2),('10840343',2),('10963002',2),('11292666',2),('11333640',2),('11424718',2),('11441989',2),('11460156',2),('11508682',2),('11582941',2),('11629437',2),('11644373',2),('11692765',2),('11693901',2),('11735052',2),('11921206',2),('10188804',3),('10200609',3),('10232200',3),('10250538',3),('10299373',3),('10470478',3),('10550495',3),('10555530',3),('10609014',3),('10674943',3),('10707643',3),('10914211',3),('10970412',3),('11136846',3),('11175517',3),('11187362',3),('11254177',3),('11459285',3),('11605353',3),('11645839',3),('11983366',3),('10252293',4),('10524247',4),('10730640',4),('10975239',4),('11318727',4),('11364313',4),('11366005',4),('11440349',4),('11587400',4),('11737690',4),('11740562',4),('10092361',5),('10165665',5),('10411379',5),('10425741',5),('10596569',5),('10677361',5),('10743320',5),('10845933',5),('10896558',5),('10990812',5),('11129556',5),('11247763',5),('11293869',5),('11458085',5),('11593974',5),('11998220',5),('10009253',6),('10024057',6),('10113327',6),('10246773',6),('10415632',6),('11068163',6),('11168063',6),('11169680',6),('11239184',6),('11388773',6),('11682897',6),('11782725',6),('11800292',6),('11873781',6),('11896958',6),('10039092',7),('10051140',7),('10094693',7),('10133052',7),('10382351',7),('10382789',7),('10418343',7),('10535360',7),('10543080',7),('10706753',7),('10793106',7),('10867239',7),('10957841',7),('10970444',7),('11102989',7),('11147676',7),('11162029',7),('11256958',7),('11277154',7),('11383125',7),('11444616',7),('11545457',7),('11550906',7),('11619263',7),('11757525',7),('11762735',7),('10090746',8),('10218115',8),('10274278',8),('10453534',8),('10520099',8),('10611317',8),('10680192',8),('10730302',8),('10986474',8),('11055793',8),('11064726',8),('11098414',8),('11116530',8),('11138211',8),('11272388',8),('11315639',8),('11356933',8),('11669807',8),('11756155',8),('11942383',8),('10067263',9),('10118945',9),('10131193',9),('10171528',9),('10409702',9),('10430720',9),('10435842',9),('10522597',9),('11231540',9),('11232031',9),('11307584',9),('11399264',9),('11484936',9),('11500742',9),('11589583',9),('11764031',9),('11814545',9),('10027693',10),('10060223',10),('10185253',10),('10393555',10),('10476868',10),('10649497',10),('10793646',10),('10886170',10),('10888060',10),('10924719',10),('11107301',10),('11322735',10),('11445441',10),('11515817',10),('11678491',10),('11934439',10),('10179483',11),('10302584',11),('10311745',11),('10316495',11),('10392657',11),('10401704',11),('10496943',11),('10539948',11),('10596213',11),('10708145',11),('10779345',11),('10926954',11),('10962989',11),('11004303',11),('11013967',11),('11034633',11),('11143044',11),('11273443',11),('11328617',11),('11361156',11),('11393188',11),('11485873',11),('11575767',11),('11603749',11),('10130257',12),('10259441',12),('10270973',12),('10327820',12),('10608970',12),('10670018',12),('10698312',12),('10706017',12),('10783508',12),('10809729',12),('10909862',12),('10925735',12),('11152229',12),('11224896',12),('11225843',12),('11419957',12),('11512565',12),('11608057',12),('11686016',12),('11765598',12),('11891784',12),('11930057',12),('11947547',12),('10301440',13),('10428733',13),('10518095',13),('10599928',13),('10672681',13),('10790624',13),('10796813',13),('10864863',13),('11124540',13),('11200692',13),('11284691',13),('11415080',13),('11441488',13),('11605506',13),('11885532',13),('10132824',14),('10140849',14),('10206936',14),('10215614',14),('10406881',14),('10485543',14),('10625623',14),('10641121',14),('10805859',14),('11173780',14),('11255331',14),('11439338',14),('11500715',14),('11526951',14),('11603509',14),('11652545',14),('11777248',14),('10059668',15),('10330698',15),('10468097',15),('10499316',15),('10511283',15),('10644107',15),('10797100',15),('10880933',15),('10912818',15),('11007838',15),('11185502',15),('11730234',15),('11761057',15),('11911074',15),('11921174',15),('10117652',16),('10359552',16),('10387521',16),('10455288',16),('10593112',16),('10667594',16),('10719763',16),('11014402',16),('11034650',16),('11176043',16),('11179841',16),('11206859',16),('11408109',16),('11647383',16),('11688301',16),('11724393',16),('11994396',16),('10533496',17),('10552839',17),('10689768',17),('10772240',17),('10789187',17),('10799135',17),('10840207',17),('10947879',17),('11054998',17),('11163330',17),('11168293',17),('11662326',17),('11707607',17),('11890222',17),('11918033',17),('11981738',17),('10047825',18),('10167777',18),('10266225',18),('10266900',18),('10502800',18),('10525759',18),('10534455',18),('10610544',18),('10610728',18),('10819979',18),('10954243',18),('11235343',18),('11486605',18),('11520806',18),('11523416',18),('11587774',18),('11867921',18),('11905143',18),('10217471',19),('10419140',19),('10442161',19),('10676891',19),('10694843',19),('11019038',19),('11028960',19),('11106819',19),('11620316',19),('11971598',19),('10038877',20),('10071729',20),('10133567',20),('10154826',20),('10311244',20),('10393035',20),('10478781',20),('10760569',20),('10926274',20),('11083632',20),('11092940',20),('11094394',20),('11232928',20),('11236676',20),('11410252',20),('11436506',20),('11531111',20),('11545987',20),('11558780',20),('11588082',20),('11685272',20),('11796863',20),('11859921',20),('10067393',21),('10102543',21),('10261790',21),('10294586',21),('10302309',21),('10391516',21),('10395172',21),('10479937',21),('10555495',21),('10805901',21),('10871209',21),('10910325',21),('11034890',21),('11037042',21),('11226743',21),('11228187',21),('11395825',21),('11598795',21),('11603850',21),('11660739',21),('11762146',21),('11781891',21),('11943665',21),('10006180',22),('10194772',22),('10199028',22),('10419673',22),('10510759',22),('10539801',22),('10549482',22),('11012123',22),('11187281',22),('11269700',22),('11579785',22),('11590537',22),('11645916',22),('11715184',22),('11780189',22),('11791343',22),('11927793',22),('11968203',22),('11976809',22),('10069041',23),('10123646',23),('10179664',23),('10398064',23),('10485761',23),('10493512',23),('10637033',23),('10745704',23),('10990616',23),('11005361',23),('11037795',23),('11055853',23),('11303169',23),('11321768',23),('11364273',23),('10280691',24),('10456538',24),('10504706',24),('10541576',24),('11132044',24),('11146548',24),('11318945',24),('11441195',24),('11516291',24),('11517560',24),('11580975',24),('11741477',24),('11903187',24),('11943393',24),('10003062',25),('10027184',25),('10127161',25),('10191483',25),('10270214',25),('10394669',25),('10725079',25),('10725907',25),('10832377',25),('10854035',25),('10914205',25),('10916624',25),('10935295',25),('10952468',25),('11167831',25),('11453415',25),('11596572',25),('11598565',25),('11673626',25),('11758450',25),('11845065',25),('11845990',25),('10074880',26),('10175470',26),('10399305',26),('10456786',26),('10484297',26),('10496020',26),('10497802',26),('10665628',26),('10870136',26),('10922794',26),('10928222',26),('10953805',26),('11207324',26),('11288752',26),('11409721',26),('11747843',26),('10012240',27),('10051406',27),('10124354',27),('10175372',27),('10214477',27),('10263895',27),('10435131',27),('10512858',27),('10607219',27),('10824872',27),('10965329',27),('11082932',27),('11300825',27),('11377059',27),('11791354',27),('11807126',27),('10044119',28),('10101008',28),('10273781',28),('10295358',28),('10418017',28),('10601553',28),('10708857',28),('10722267',28),('10795237',28),('10814619',28),('10944330',28),('11038399',28),('11091958',28),('11647422',28),('11677202',28),('11717758',28),('11805498',28),('11899325',28),('11974346',28),('10164738',29),('10354758',29),('10545484',29),('10628658',29),('10676765',29),('10679435',29),('10694033',29),('10851939',29),('11115553',29),('11120853',29),('11630495',29),('11840168',29),('11850919',29),('11991642',29),('10005454',30),('10023620',30),('10032894',30),('10056802',30),('10096079',30),('10129529',30),('10224377',30),('10467029',30),('10494080',30),('10552902',30),('10557137',30),('10584097',30),('10714271',30),('10726685',30),('10745425',30),('10760153',30),('10777862',30),('10822745',30),('10826030',30),('10982175',30),('11036248',30),('11058163',30),('11161971',30),('11198537',30),('11332479',30),('11469235',30),('11658635',30),('11949888',30),('10274514',31),('10420264',31),('10548681',31),('10748570',31),('10926917',31),('11150387',31),('11209725',31),('11243206',31),('11365052',31),('11538335',31),('11558806',31),('11700010',31),('11755363',31),('11842770',31),('11959139',31),('10476848',32),('10479578',32),('10527581',32),('10604516',32),('10608765',32),('10752950',32),('10851679',32),('11143803',32),('11153835',32),('11271077',32),('11534836',32),('11594271',32),('11617034',32),('11809416',32),('11829188',32),('11843800',32),('10049184',33),('10135332',33),('10220438',33),('10285488',33),('10338202',33),('10359301',33),('10699984',33),('10710095',33),('10800443',33),('10857525',33),('10885322',33),('10913218',33),('11147108',33),('11154272',33),('11286409',33),('11313029',33),('11509633',33),('11525999',33),('11549018',33),('11625409',33),('11663772',33),('11670761',33),('11722297',33),('11808874',33),('11866302',33),('11869539',33),('11988694',33),('10084253',34),('10094151',34),('10181866',34),('10252169',34),('10255527',34),('10403076',34),('10519724',34),('10550405',34),('10630724',34),('10634363',34),('10676799',34),('10866932',34),('11057420',34),('11238086',34),('11245285',34),('11312017',34),('11317242',34),('11442558',34),('11454994',34),('11477106',34),('11562545',34),('11570749',34),('11605007',34),('11911329',34),('10087605',35),('10159640',35),('10479079',35),('10668665',35),('10770369',35),('10856229',35),('10948424',35),('11168131',35),('11238595',35),('11395092',35),('11460554',35),('11477899',35),('11503142',35),('11632760',35),('11946322',35),('11984967',35),('10065313',36),('10092050',36),('10098206',36),('10177085',36),('10199657',36),('10212116',36),('10424283',36),('10441947',36),('10596232',36),('10759937',36),('10831690',36),('11168865',36),('11203990',36),('11295805',36),('11370469',36),('11518967',36),('11542786',36),('11604508',36),('11990095',36),('10054932',37),('10071508',37),('10235404',37),('10400739',37),('10414879',37),('10766484',37),('10901570',37),('11021411',37),('11025784',37),('11151854',37),('11223578',37),('11247362',37),('11309727',37),('11330393',37),('11413645',37),('11674256',37),('11806319',37),('10039145',38),('10042891',38),('10043922',38),('10157120',38),('10211867',38),('10509411',38),('10556558',38),('10598018',38),('10660451',38),('10711263',38),('10829185',38),('10938020',38),('11053856',38),('11167179',38),('11262218',38),('11370334',38),('11555362',38),('11904911',38),('10150969',39),('10354349',39),('10368772',39),('10515694',39),('10589697',39),('10610513',39),('10730746',39),('10805908',39),('10940150',39),('10974668',39),('11009036',39),('11046181',39),('11135883',39),('11277931',39),('11496023',39),('11500925',39),('11553490',39),('11572630',39),('11714139',39),('11793510',39),('10129295',40),('10433647',40),('10525332',40),('10559774',40),('10731579',40),('10762405',40),('11251355',40),('11261867',40),('11288621',40),('11293544',40),('11383692',40),('11521495',40),('11597682',40),('11666365',40),('10140170',41),('10417621',41),('10501790',41),('10511986',41),('10569539',41),('10874823',41),('10968375',41),('11368971',41),('11592986',41),('10127979',42),('10360275',42),('10404976',42),('10593813',42),('10656993',42),('10799905',42),('10817172',42),('10879085',42),('11013196',42),('11074787',42),('11082176',42),('11378618',42),('11419596',42),('11498145',42),('11748167',42),('11764771',42),('11912332',42),('10046772',43),('10197323',43),('10239335',43),('10302201',43),('10416726',43),('10473221',43),('10618816',43),('10675990',43),('11195191',43),('11233856',43),('11545383',43),('11591647',43),('11628324',43),('11768475',43),('11837362',43),('10041733',44),('10085395',44),('10115008',44),('10299002',44),('10483712',44),('10530485',44),('10565651',44),('10621681',44),('10675772',44),('10711304',44),('10724427',44),('10950806',44),('10986524',44),('11006604',44),('11071488',44),('11164716',44),('11313711',44),('11616174',44),('11740527',44),('11741289',44),('11864272',44),('11901213',44),('11932934',44),('10145968',45),('10286789',45),('10294097',45),('10505452',45),('10514199',45),('10536072',45),('10768415',45),('10966323',45),('11158510',45),('11163718',45),('11346618',45),('11431943',45),('11502297',45),('11664275',45),('11670498',45),('11710706',45),('11732976',45),('11808766',45),('11862379',45),('11932578',45),('10349842',46),('10516644',46),('10642326',46),('10795309',46),('11163530',46),('11179773',46),('11182062',46),('11445347',46),('11515348',46),('11691501',46),('11767793',46),('11801592',46),('10075071',47),('10349551',47),('10481246',47),('10831928',47),('10844132',47),('10961560',47),('11168174',47),('11172901',47),('11218175',47),('11234001',47),('11331860',47),('11340485',47),('11505465',47),('11590844',47),('11803769',47),('11826739',47),('11876781',47),('10041220',48),('10189091',48),('10284123',48),('10505848',48),('10620353',48),('10666911',48),('10692335',48),('10996063',48),('11182024',48),('11194433',48),('11210716',48),('11446992',48),('11965324',48),('10239907',49),('10466099',49),('10496730',49),('10768957',49),('10789763',49),('10908052',49),('11254293',49),('11320814',49),('11482305',49),('11495383',49),('11513541',49),('11570328',49),('11586200',49),('11657174',49),('11714323',49),('11768441',49),('11855866',49),('11967981',49),('10073649',50),('10104106',50),('10189817',50),('10272744',50),('10454509',50),('10666393',50),('11129603',50),('11194418',50),('11241693',50),('11510694',50),('11572257',50),('11577269',50),('11725638',50),('10040463',51),('10311028',51),('10388550',51),('10392056',51),('10445413',51),('10661281',51),('10676505',51),('10707382',51),('10905943',51),('11266070',51),('11334658',51),('11347173',51),('11404236',51),('11444934',51),('11840151',51),('11897822',51),('11979227',51),('10166468',52),('10169287',52),('10385154',52),('10387026',52),('10439721',52),('10465085',52),('10489425',52),('10580037',52),('10618025',52),('10661236',52),('10682101',52),('10787354',52),('10810314',52),('10891174',52),('10921007',52),('11052039',52),('11076527',52),('11083540',52),('11147396',52),('11299305',52),('11495752',52),('11498300',52),('11973637',52),('10059969',53),('10104231',53),('10330284',53),('10400602',53),('10458491',53),('10592607',53),('10624870',53),('10654344',53),('10972854',53),('11105903',53),('11272263',53),('11493480',53),('11522521',53),('11778040',53),('11796439',53),('10022774',54),('10156500',54),('10307704',54),('10384911',54),('10578620',54),('10815937',54),('10851834',54),('10954168',54),('11172738',54),('11354911',54),('11386538',54),('11504028',54),('11632919',54),('11794180',54),('11845429',54),('11903819',54),('11959854',54),('10197176',55),('10406082',55),('10553077',55),('10647472',55),('10698894',55),('11358851',55),('11439519',55),('11471737',55),('11602021',55),('11682895',55),('10104074',56),('10166508',56),('10172094',56),('10518704',56),('10524934',56),('10834466',56),('10846951',56),('10914095',56),('11135631',56),('11195998',56),('11217421',56),('11565544',56),('11802880',56),('11905961',56),('10125852',57),('10273389',57),('10354953',57),('10460112',57),('10479921',57),('10558596',57),('10787592',57),('10827884',57),('10850274',57),('10852739',57),('11207711',57),('11218410',57),('11572457',57),('11577318',57),('11580595',57),('11754348',57);
/*!40000 ALTER TABLE `matricula` ENABLE KEYS */;
UNLOCK TABLES;

--
-- Final view structure for view `grupo_plus`
--

/*!50001 DROP TABLE IF EXISTS `grupo_plus`*/;
/*!50001 DROP VIEW IF EXISTS `grupo_plus`*/;
/*!50001 SET @saved_cs_client          = @@character_set_client */;
/*!50001 SET @saved_cs_results         = @@character_set_results */;
/*!50001 SET @saved_col_connection     = @@collation_connection */;
/*!50001 SET character_set_client      = utf8mb4 */;
/*!50001 SET character_set_results     = utf8mb4 */;
/*!50001 SET collation_connection      = utf8mb4_general_ci */;
/*!50001 CREATE ALGORITHM=UNDEFINED */
/*!50013 DEFINER=`asir`@`localhost` SQL SECURITY DEFINER */
/*!50001 VIEW `grupo_plus` AS select `centro`.`grupos`.`id` AS `id`,`centro`.`grupos`.`codigo` AS `codigo`,`centro`.`cursos`.`nombre_cas` AS `curso`,`ciclo`.`nombre_cas` AS `ciclo`,`grado`.`nombre_cas` AS `grado`,`familia`.`nombre_cas` AS `familia`,if((`grado`.`nombre_cas` = 'GRADO SUPERIOR'),'CFGS','CFGM') AS `grado_abrev`,if((`centro`.`cursos`.`nombre_cas` = 'Primero'),'1º','2º') AS `curso_ordinal`,concat(convert((select `curso_ordinal`) using utf8),' ',convert((select `grado_abrev`) using utf8),' ',(select `ciclo`)) AS `nombre_largo` from (((((`grupos` left join `cursos_grupos` on((`centro`.`cursos_grupos`.`id_grupo` = `centro`.`grupos`.`id`))) left join `cursos` on((`centro`.`cursos`.`codigo` = `centro`.`cursos_grupos`.`curso`))) left join `cursos` `ciclo` on((`ciclo`.`codigo` = `centro`.`cursos`.`padre`))) left join `cursos` `grado` on((`grado`.`codigo` = `ciclo`.`padre`))) left join `cursos` `familia` on((`familia`.`codigo` = `grado`.`padre`))) */;
/*!50001 SET character_set_client      = @saved_cs_client */;
/*!50001 SET character_set_results     = @saved_cs_results */;
/*!50001 SET collation_connection      = @saved_col_connection */;
/*!40103 SET TIME_ZONE=@OLD_TIME_ZONE */;

/*!40101 SET SQL_MODE=@OLD_SQL_MODE */;
/*!40014 SET FOREIGN_KEY_CHECKS=@OLD_FOREIGN_KEY_CHECKS */;
/*!40014 SET UNIQUE_CHECKS=@OLD_UNIQUE_CHECKS */;
/*!40101 SET CHARACTER_SET_CLIENT=@OLD_CHARACTER_SET_CLIENT */;
/*!40101 SET CHARACTER_SET_RESULTS=@OLD_CHARACTER_SET_RESULTS */;
/*!40101 SET COLLATION_CONNECTION=@OLD_COLLATION_CONNECTION */;
/*!40111 SET SQL_NOTES=@OLD_SQL_NOTES */;

-- Dump completed on 2018-10-24 20:39:19
